op,timestamp_dms,_id,message_id,message_text,chat_id,creator_id,user_type,course_session_id,creator_name,creator_avatar_url,created_at_ms,created_at_ts,rn,_doc
I,3158.0,6940eeceb7e9a1769e0962e8,77e7d25d-21fe-45e2-801d-5211ac21f15f,ÿßŸÑÿµŸàÿ™ ŸäŸÇÿ∑ÿπ,731f4273-a000-45da-b73c-049e6b683305,652934,STUDENT,70690,ÿπÿ®ÿØÿßŸÑŸÑŸá ÿßŸÑŸáÿßÿ¨ÿ±Ÿä,,1.76586E+12,12/16/25 5:31,1,"{ ""_id"" : { ""$oid"" : ""6940eeceb7e9a1769e0962e8"" }, ""id"" : ""77e7d25d-21fe-45e2-801d-5211ac21f15f"", ""text"" : ""ÿßŸÑÿµŸàÿ™ ŸäŸÇÿ∑ÿπ"", ""chat_id"" : ""731f4273-a000-45da-b73c-049e6b683305"", ""creator_id"" : 652934, ""user_type"" : ""STUDENT"", ""metadata"" : { ""courseSessionId"" : 70690 }, ""creator_metadata"" : { ""name"" : ""ÿπÿ®ÿØÿßŸÑŸÑŸá ÿßŸÑŸáÿßÿ¨ÿ±Ÿä"", ""avatarUrl"" : { ""url"" : ""https://cdn.studyatnoon.com/public/school_student/652934/fd4bf2e8-3c23-4481-b3e2-2d9e010383ce_thumbnail.jpeg"" } }, ""created_at"" : { ""$date"" : 1765863118082 }, ""_class"" : ""com.noon.noon2.entity.chat.ChatMessage"" }"
I,5053.0,6940f33db7e9a1769e09805f,afe5411a-a1d2-407b-8c1f-371a2b78b3a7,ÿßŸäŸá,731f4273-a000-45da-b73c-049e6b683305,647411,STUDENT,70690,ŸÅÿßÿ±ÿ≥ ÿπŸàÿ∂Ÿá,,1.76586E+12,12/16/25 5:50,1,"{ ""_id"" : { ""$oid"" : ""6940f33db7e9a1769e09805f"" }, ""id"" : ""afe5411a-a1d2-407b-8c1f-371a2b78b3a7"", ""text"" : ""ÿßŸäŸá"", ""chat_id"" : ""731f4273-a000-45da-b73c-049e6b683305"", ""creator_id"" : 647411, ""user_type"" : ""STUDENT"", ""metadata"" : { ""courseSessionId"" : 70690 }, ""creator_metadata"" : { ""name"" : ""ŸÅÿßÿ±ÿ≥ ÿπŸàÿ∂Ÿá"", ""avatarUrl"" : { ""url"" : ""https://cdn.studyatnoon.com/public/school_student/647411/79ee8fc4-175b-4e8f-a16a-22c46e72f4b1_thumbnail.jpeg"" } }, ""created_at"" : { ""$date"" : 1765864253761 }, ""_class"" : ""com.noon.noon2.entity.chat.ChatMessage"" }"
I,1119.0,6940f807b7e9a1769e09af5a,d1809ee3-77a5-4df4-87cb-453c9ae7dd9b,ŸÅŸáŸÖÿ™,731f4273-a000-45da-b73c-049e6b683305,648951,STUDENT,70690,ÿ•ÿ®ÿ±ÿßŸáŸäŸÖ ÿ®ŸÜ ÿØÿßŸäŸÑ,,1.76587E+12,12/16/25 6:11,1,"{ ""_id"" : { ""$oid"" : ""6940f807b7e9a1769e09af5a"" }, ""id"" : ""d1809ee3-77a5-4df4-87cb-453c9ae7dd9b"", ""text"" : ""ŸÅŸáŸÖÿ™"", ""chat_id"" : ""731f4273-a000-45da-b73c-049e6b683305"", ""creator_id"" : 648951, ""user_type"" : ""STUDENT"", ""metadata"" : { ""courseSessionId"" : 70690 }, ""creator_metadata"" : { ""name"" : ""ÿ•ÿ®ÿ±ÿßŸáŸäŸÖ ÿ®ŸÜ ÿØÿßŸäŸÑ"", ""avatarUrl"" : { ""url"" : ""https://cdn.non.sa/images/avatar/male/1.png"" } }, ""created_at"" : { ""$date"" : 1765865479199 }, ""_class"" : ""com.noon.noon2.entity.chat.ChatMessage"" }"
I,3215.0,6940eedfb7e9a1769e09632a,c2f7180a-9063-419d-a485-e1a49c4176aa,ŸÑÿß,731f4273-a000-45da-b73c-049e6b683305,652934,STUDENT,70690,ÿπÿ®ÿØÿßŸÑŸÑŸá ÿßŸÑŸáÿßÿ¨ÿ±Ÿä,,1.76586E+12,12/16/25 5:32,1,"{ ""_id"" : { ""$oid"" : ""6940eedfb7e9a1769e09632a"" }, ""id"" : ""c2f7180a-9063-419d-a485-e1a49c4176aa"", ""text"" : ""ŸÑÿß"", ""chat_id"" : ""731f4273-a000-45da-b73c-049e6b683305"", ""creator_id"" : 652934, ""user_type"" : ""STUDENT"", ""metadata"" : { ""courseSessionId"" : 70690 }, ""creator_metadata"" : { ""name"" : ""ÿπÿ®ÿØÿßŸÑŸÑŸá ÿßŸÑŸáÿßÿ¨ÿ±Ÿä"", ""avatarUrl"" : { ""url"" : ""https://cdn.studyatnoon.com/public/school_student/652934/fd4bf2e8-3c23-4481-b3e2-2d9e010383ce_thumbnail.jpeg"" } }, ""created_at"" : { ""$date"" : 1765863135847 }, ""_class"" : ""com.noon.noon2.entity.chat.ChatMessage"" }"
I,5541.0,6940f45db7e9a1769e09896c,de6463d1-a255-4d69-b9f4-9ba750e3e7fb,Ÿàÿßÿ∂ÿ≠ ÿπÿ±ŸÅÿ™ ÿÆÿ∑ÿ¶Ÿä,731f4273-a000-45da-b73c-049e6b683305,647411,STUDENT,70690,ŸÅÿßÿ±ÿ≥ ÿπŸàÿ∂Ÿá,,1.76586E+12,12/16/25 5:55,1,"{ ""_id"" : { ""$oid"" : ""6940f45db7e9a1769e09896c"" }, ""id"" : ""de6463d1-a255-4d69-b9f4-9ba750e3e7fb"", ""text"" : ""Ÿàÿßÿ∂ÿ≠ ÿπÿ±ŸÅÿ™ ÿÆÿ∑ÿ¶Ÿä"", ""chat_id"" : ""731f4273-a000-45da-b73c-049e6b683305"", ""creator_id"" : 647411, ""user_type"" : ""STUDENT"", ""metadata"" : { ""courseSessionId"" : 70690 }, ""creator_metadata"" : { ""name"" : ""ŸÅÿßÿ±ÿ≥ ÿπŸàÿ∂Ÿá"", ""avatarUrl"" : { ""url"" : ""https://cdn.studyatnoon.com/public/school_student/647411/79ee8fc4-175b-4e8f-a16a-22c46e72f4b1_thumbnail.jpeg"" } }, ""created_at"" : { ""$date"" : 1765864541715 }, ""_class"" : ""com.noon.noon2.entity.chat.ChatMessage"" }"
I,3222.0,6940eee6b7e9a1769e096362,2221d01e-62a4-4a13-b524-241b2b9873e3,ÿµŸàÿ™ ŸäŸÇÿ∑ÿπ,731f4273-a000-45da-b73c-049e6b683305,648959,STUDENT,70690,ŸÉÿ±ŸÖ ÿ∫ŸÜÿßŸäŸÖ,,1.76586E+12,12/16/25 5:32,1,"{ ""_id"" : { ""$oid"" : ""6940eee6b7e9a1769e096362"" }, ""id"" : ""2221d01e-62a4-4a13-b524-241b2b9873e3"", ""text"" : ""ÿµŸàÿ™ ŸäŸÇÿ∑ÿπ"", ""chat_id"" : ""731f4273-a000-45da-b73c-049e6b683305"", ""creator_id"" : 648959, ""user_type"" : ""STUDENT"", ""metadata"" : { ""courseSessionId"" : 70690 }, ""creator_metadata"" : { ""name"" : ""ŸÉÿ±ŸÖ ÿ∫ŸÜÿßŸäŸÖ"", ""avatarUrl"" : { ""url"" : ""https://cdn.studyatnoon.com/public/school_student/648959/52ad66e3-3d8e-4c9b-a8a2-98b299b1deed_thumbnail.jpeg"" } }, ""created_at"" : { ""$date"" : 1765863142198 }, ""_class"" : ""com.noon.noon2.entity.chat.ChatMessage"" }"
I,4725.0,6940f26db7e9a1769e0978c3,1d6879ec-cb18-448e-ad3f-6206f88266b8,40,731f4273-a000-45da-b73c-049e6b683305,647411,STUDENT,70690,ŸÅÿßÿ±ÿ≥ ÿπŸàÿ∂Ÿá,,1.76586E+12,12/16/25 5:47,1,"{ ""_id"" : { ""$oid"" : ""6940f26db7e9a1769e0978c3"" }, ""id"" : ""1d6879ec-cb18-448e-ad3f-6206f88266b8"", ""text"" : ""40"", ""chat_id"" : ""731f4273-a000-45da-b73c-049e6b683305"", ""creator_id"" : 647411, ""user_type"" : ""STUDENT"", ""metadata"" : { ""courseSessionId"" : 70690 }, ""creator_metadata"" : { ""name"" : ""ŸÅÿßÿ±ÿ≥ ÿπŸàÿ∂Ÿá"", ""avatarUrl"" : { ""url"" : ""https://cdn.studyatnoon.com/public/school_student/647411/79ee8fc4-175b-4e8f-a16a-22c46e72f4b1_thumbnail.jpeg"" } }, ""created_at"" : { ""$date"" : 1765864045636 }, ""_class"" : ""com.noon.noon2.entity.chat.ChatMessage"" }"
I,4631.0,6940f237b7e9a1769e097715,84023a34-4c5e-453c-89ee-4868750c2202,ŸÜÿ®Ÿä ÿßÿ≥ÿ¶ŸÑŸá,731f4273-a000-45da-b73c-049e6b683305,647411,STUDENT,70690,ŸÅÿßÿ±ÿ≥ ÿπŸàÿ∂Ÿá,,1.76586E+12,12/16/25 5:46,1,"{ ""_id"" : { ""$oid"" : ""6940f237b7e9a1769e097715"" }, ""id"" : ""84023a34-4c5e-453c-89ee-4868750c2202"", ""text"" : ""ŸÜÿ®Ÿä ÿßÿ≥ÿ¶ŸÑŸá"", ""chat_id"" : ""731f4273-a000-45da-b73c-049e6b683305"", ""creator_id"" : 647411, ""user_type"" : ""STUDENT"", ""metadata"" : { ""courseSessionId"" : 70690 }, ""creator_metadata"" : { ""name"" : ""ŸÅÿßÿ±ÿ≥ ÿπŸàÿ∂Ÿá"", ""avatarUrl"" : { ""url"" : ""https://cdn.studyatnoon.com/public/school_student/647411/79ee8fc4-175b-4e8f-a16a-22c46e72f4b1_thumbnail.jpeg"" } }, ""created_at"" : { ""$date"" : 1765863991055 }, ""_class"" : ""com.noon.noon2.entity.chat.ChatMessage"" }"
I,0314.0,6940f622b7e9a1769e099c07,f15e169a-86f9-496a-8856-9f1c0379a38d,ŸÜÿ®Ÿä ÿ≠ÿ®ÿßÿ±,731f4273-a000-45da-b73c-049e6b683305,652958,STUDENT,70690,ŸÅŸáÿØ ÿßŸÑÿ±ÿ¥ŸäÿØŸä,,1.76586E+12,12/16/25 6:03,1,"{ ""_id"" : { ""$oid"" : ""6940f622b7e9a1769e099c07"" }, ""id"" : ""f15e169a-86f9-496a-8856-9f1c0379a38d"", ""text"" : ""ŸÜÿ®Ÿä ÿ≠ÿ®ÿßÿ±"", ""chat_id"" : ""731f4273-a000-45da-b73c-049e6b683305"", ""creator_id"" : 652958, ""user_type"" : ""STUDENT"", ""metadata"" : { ""courseSessionId"" : 70690 }, ""creator_metadata"" : { ""name"" : ""ŸÅŸáÿØ ÿßŸÑÿ±ÿ¥ŸäÿØŸä"", ""avatarUrl"" : { ""url"" : ""https://cdn.non.sa/images/avatar/male/4.png"" } }, ""created_at"" : { ""$date"" : 1765864994669 }, ""_class"" : ""com.noon.noon2.entity.chat.ChatMessage"" }"
I,5535.0,6940f457b7e9a1769e098937,c3ab0c78-c95c-4dd9-bf67-ef91c82265e6,Ÿàÿßÿ∂ÿ≠,731f4273-a000-45da-b73c-049e6b683305,647499,STUDENT,70690,ÿπÿ®ÿØÿßŸÑÿ±ÿ≠ŸÖŸÜ ÿßŸÑÿ∫ÿßŸÜŸÖ,,1.76586E+12,12/16/25 5:55,1,"{ ""_id"" : { ""$oid"" : ""6940f457b7e9a1769e098937"" }, ""id"" : ""c3ab0c78-c95c-4dd9-bf67-ef91c82265e6"", ""text"" : ""Ÿàÿßÿ∂ÿ≠"", ""chat_id"" : ""731f4273-a000-45da-b73c-049e6b683305"", ""creator_id"" : 647499, ""user_type"" : ""STUDENT"", ""metadata"" : { ""courseSessionId"" : 70690 }, ""creator_metadata"" : { ""name"" : ""ÿπÿ®ÿØÿßŸÑÿ±ÿ≠ŸÖŸÜ ÿßŸÑÿ∫ÿßŸÜŸÖ"", ""avatarUrl"" : { ""url"" : ""https://cdn.studyatnoon.com/public/school_student/647499/ce667997-10c3-4998-a42b-f2051d491a6f_thumbnail.jpeg"" } }, ""created_at"" : { ""$date"" : 1765864535329 }, ""_class"" : ""com.noon.noon2.entity.chat.ChatMessage"" }"
I,3154.0,6940eecab7e9a1769e0962b1,6b9e37c2-9cc4-4ee7-90d7-f3ca58a15c92,ŸÖÿØÿ±Ÿä Ÿàÿ¥ ÿ™ŸÇŸàŸÑ,731f4273-a000-45da-b73c-049e6b683305,647411,STUDENT,70690,ŸÅÿßÿ±ÿ≥ ÿπŸàÿ∂Ÿá,,1.76586E+12,12/16/25 5:31,1,"{ ""_id"" : { ""$oid"" : ""6940eecab7e9a1769e0962b1"" }, ""id"" : ""6b9e37c2-9cc4-4ee7-90d7-f3ca58a15c92"", ""text"" : ""ŸÖÿØÿ±Ÿä Ÿàÿ¥ ÿ™ŸÇŸàŸÑ"", ""chat_id"" : ""731f4273-a000-45da-b73c-049e6b683305"", ""creator_id"" : 647411, ""user_type"" : ""STUDENT"", ""metadata"" : { ""courseSessionId"" : 70690 }, ""creator_metadata"" : { ""name"" : ""ŸÅÿßÿ±ÿ≥ ÿπŸàÿ∂Ÿá"", ""avatarUrl"" : { ""url"" : ""https://cdn.studyatnoon.com/public/school_student/647411/79ee8fc4-175b-4e8f-a16a-22c46e72f4b1_thumbnail.jpeg"" } }, ""created_at"" : { ""$date"" : 1765863114556 }, ""_class"" : ""com.noon.noon2.entity.chat.ChatMessage"" }"
I,4006.0,6940f0b6b7e9a1769e096ca3,d558efb9-7cb0-4dcd-86fb-900a06ce63c7,ÿßŸÜÿß ŸÖÿß ÿ∑ŸÑÿπÿ™ ŸÑŸä ÿßŸÑÿµŸàÿ±Ÿá,731f4273-a000-45da-b73c-049e6b683305,657525,STUDENT,70690,ŸÅŸáÿØ ÿßŸÑÿ≥ŸÜŸäÿØŸä,,1.76586E+12,12/16/25 5:40,1,"{ ""_id"" : { ""$oid"" : ""6940f0b6b7e9a1769e096ca3"" }, ""id"" : ""d558efb9-7cb0-4dcd-86fb-900a06ce63c7"", ""text"" : ""ÿßŸÜÿß ŸÖÿß ÿ∑ŸÑÿπÿ™ ŸÑŸä ÿßŸÑÿµŸàÿ±Ÿá"", ""chat_id"" : ""731f4273-a000-45da-b73c-049e6b683305"", ""creator_id"" : 657525, ""user_type"" : ""STUDENT"", ""metadata"" : { ""courseSessionId"" : 70690 }, ""creator_metadata"" : { ""name"" : ""ŸÅŸáÿØ ÿßŸÑÿ≥ŸÜŸäÿØŸä"", ""avatarUrl"" : { ""url"" : ""https://cdn.non.sa/images/avatar/male/2.png"" } }, ""created_at"" : { ""$date"" : 1765863606911 }, ""_class"" : ""com.noon.noon2.entity.chat.ChatMessage"" }"
I,4324.0,6940f17cb7e9a1769e09716f,e64d0a0d-0076-4169-ae81-3acb9d98c5b4,Ÿàÿßÿ∂ÿ≠,731f4273-a000-45da-b73c-049e6b683305,647411,STUDENT,70690,ŸÅÿßÿ±ÿ≥ ÿπŸàÿ∂Ÿá,,1.76586E+12,12/16/25 5:43,1,"{ ""_id"" : { ""$oid"" : ""6940f17cb7e9a1769e09716f"" }, ""id"" : ""e64d0a0d-0076-4169-ae81-3acb9d98c5b4"", ""text"" : ""Ÿàÿßÿ∂ÿ≠"", ""chat_id"" : ""731f4273-a000-45da-b73c-049e6b683305"", ""creator_id"" : 647411, ""user_type"" : ""STUDENT"", ""metadata"" : { ""courseSessionId"" : 70690 }, ""creator_metadata"" : { ""name"" : ""ŸÅÿßÿ±ÿ≥ ÿπŸàÿ∂Ÿá"", ""avatarUrl"" : { ""url"" : ""https://cdn.studyatnoon.com/public/school_student/647411/79ee8fc4-175b-4e8f-a16a-22c46e72f4b1_thumbnail.jpeg"" } }, ""created_at"" : { ""$date"" : 1765863804084 }, ""_class"" : ""com.noon.noon2.entity.chat.ChatMessage"" }"
I,1102.0,6940f7f6b7e9a1769e09ae88,e0fcc155-8dfd-463a-990e-279e5c1f3cda,Ÿàÿßÿ∂ÿ≠,731f4273-a000-45da-b73c-049e6b683305,647306,STUDENT,70690,ŸäŸàÿ≥ŸÅ ÿßŸÑÿ≠ÿ±ÿ®Ÿä,,1.76587E+12,12/16/25 6:11,1,"{ ""_id"" : { ""$oid"" : ""6940f7f6b7e9a1769e09ae88"" }, ""id"" : ""e0fcc155-8dfd-463a-990e-279e5c1f3cda"", ""text"" : ""Ÿàÿßÿ∂ÿ≠"", ""chat_id"" : ""731f4273-a000-45da-b73c-049e6b683305"", ""creator_id"" : 647306, ""user_type"" : ""STUDENT"", ""metadata"" : { ""courseSessionId"" : 70690 }, ""creator_metadata"" : { ""name"" : ""ŸäŸàÿ≥ŸÅ ÿßŸÑÿ≠ÿ±ÿ®Ÿä"", ""avatarUrl"" : { ""url"" : ""https://cdn.studyatnoon.com/public/school_student/647306/c768df7f-345b-44ec-8e47-7b1d1e51ca62_thumbnail.jpeg"" } }, ""created_at"" : { ""$date"" : 1765865462757 }, ""_class"" : ""com.noon.noon2.entity.chat.ChatMessage"" }"
I,3109.0,6940ee9db7e9a1769e09616e,071d5319-ebc1-4008-9920-86672a4294b2,ÿ≥ŸÑÿßŸÖ ÿπŸÑŸäŸÉŸÖ Ÿàÿ±ÿ≠ŸÖŸá ÿßŸÑŸÑŸá Ÿàÿ®ÿ±ŸÉÿßÿ™Ÿá Ÿäÿß ÿßÿ≥ÿ™ÿßÿ∞ ŸÉŸäŸÅ ÿ≠ÿßŸÑŸÉ ÿ£ŸÜ ÿ¥ÿßÿ° ÿßŸÑŸÑŸá ŸÉŸàŸäÿ≥ üíêüíêüíêüíêüíêüíêüíêüíêüíêüíêüíêüíêüíêüíê,731f4273-a000-45da-b73c-049e6b683305,648959,STUDENT,70690,ŸÉÿ±ŸÖ ÿ∫ŸÜÿßŸäŸÖ,,1.76586E+12,12/16/25 5:31,1,"{ ""_id"" : { ""$oid"" : ""6940ee9db7e9a1769e09616e"" }, ""id"" : ""071d5319-ebc1-4008-9920-86672a4294b2"", ""text"" : ""ÿ≥ŸÑÿßŸÖ ÿπŸÑŸäŸÉŸÖ Ÿàÿ±ÿ≠ŸÖŸá ÿßŸÑŸÑŸá Ÿàÿ®ÿ±ŸÉÿßÿ™Ÿá Ÿäÿß ÿßÿ≥ÿ™ÿßÿ∞ ŸÉŸäŸÅ ÿ≠ÿßŸÑŸÉ ÿ£ŸÜ ÿ¥ÿßÿ° ÿßŸÑŸÑŸá ŸÉŸàŸäÿ≥ üíêüíêüíêüíêüíêüíêüíêüíêüíêüíêüíêüíêüíêüíê"", ""chat_id"" : ""731f4273-a000-45da-b73c-049e6b683305"", ""creator_id"" : 648959, ""user_type"" : ""STUDENT"", ""metadata"" : { ""courseSessionId"" : 70690 }, ""creator_metadata"" : { ""name"" : ""ŸÉÿ±ŸÖ ÿ∫ŸÜÿßŸäŸÖ"", ""avatarUrl"" : { ""url"" : ""https://cdn.studyatnoon.com/public/school_student/648959/52ad66e3-3d8e-4c9b-a8a2-98b299b1deed_thumbnail.jpeg"" } }, ""created_at"" : { ""$date"" : 1765863069804 }, ""_class"" : ""com.noon.noon2.entity.chat.ChatMessage"" }"
I,3349.0,6940ef3db7e9a1769e09649d,ee53128f-64c6-4d62-9d1b-5d3a6176fa98,ŸÖŸÖÿ™ÿßÿ≤ ÿßŸÑÿ≠ŸäŸÜ,731f4273-a000-45da-b73c-049e6b683305,647411,STUDENT,70690,ŸÅÿßÿ±ÿ≥ ÿπŸàÿ∂Ÿá,,1.76586E+12,12/16/25 5:33,1,"{ ""_id"" : { ""$oid"" : ""6940ef3db7e9a1769e09649d"" }, ""id"" : ""ee53128f-64c6-4d62-9d1b-5d3a6176fa98"", ""text"" : ""ŸÖŸÖÿ™ÿßÿ≤ ÿßŸÑÿ≠ŸäŸÜ"", ""chat_id"" : ""731f4273-a000-45da-b73c-049e6b683305"", ""creator_id"" : 647411, ""user_type"" : ""STUDENT"", ""metadata"" : { ""courseSessionId"" : 70690 }, ""creator_metadata"" : { ""name"" : ""ŸÅÿßÿ±ÿ≥ ÿπŸàÿ∂Ÿá"", ""avatarUrl"" : { ""url"" : ""https://cdn.studyatnoon.com/public/school_student/647411/79ee8fc4-175b-4e8f-a16a-22c46e72f4b1_thumbnail.jpeg"" } }, ""created_at"" : { ""$date"" : 1765863229694 }, ""_class"" : ""com.noon.noon2.entity.chat.ChatMessage"" }"
I,3138.0,6940eebab7e9a1769e096264,11157e5a-82f7-4c97-9ed9-78387678894e,ÿµŸàÿ™ ŸäÿπŸÑŸÇ,731f4273-a000-45da-b73c-049e6b683305,647411,STUDENT,70690,ŸÅÿßÿ±ÿ≥ ÿπŸàÿ∂Ÿá,,1.76586E+12,12/16/25 5:31,1,"{ ""_id"" : { ""$oid"" : ""6940eebab7e9a1769e096264"" }, ""id"" : ""11157e5a-82f7-4c97-9ed9-78387678894e"", ""text"" : ""ÿµŸàÿ™ ŸäÿπŸÑŸÇ"", ""chat_id"" : ""731f4273-a000-45da-b73c-049e6b683305"", ""creator_id"" : 647411, ""user_type"" : ""STUDENT"", ""metadata"" : { ""courseSessionId"" : 70690 }, ""creator_metadata"" : { ""name"" : ""ŸÅÿßÿ±ÿ≥ ÿπŸàÿ∂Ÿá"", ""avatarUrl"" : { ""url"" : ""https://cdn.studyatnoon.com/public/school_student/647411/79ee8fc4-175b-4e8f-a16a-22c46e72f4b1_thumbnail.jpeg"" } }, ""created_at"" : { ""$date"" : 1765863098665 }, ""_class"" : ""com.noon.noon2.entity.chat.ChatMessage"" }"
I,4640.0,6940f240b7e9a1769e09774d,9a09cdfb-3773-458b-905f-ccf5d391d908,ÿ™ŸÖÿßŸÖ Ÿàÿßÿ∂ÿ≠,731f4273-a000-45da-b73c-049e6b683305,648959,STUDENT,70690,ŸÉÿ±ŸÖ ÿ∫ŸÜÿßŸäŸÖ,,1.76586E+12,12/16/25 5:46,1,"{ ""_id"" : { ""$oid"" : ""6940f240b7e9a1769e09774d"" }, ""id"" : ""9a09cdfb-3773-458b-905f-ccf5d391d908"", ""text"" : ""ÿ™ŸÖÿßŸÖ Ÿàÿßÿ∂ÿ≠"", ""chat_id"" : ""731f4273-a000-45da-b73c-049e6b683305"", ""creator_id"" : 648959, ""user_type"" : ""STUDENT"", ""metadata"" : { ""courseSessionId"" : 70690 }, ""creator_metadata"" : { ""name"" : ""ŸÉÿ±ŸÖ ÿ∫ŸÜÿßŸäŸÖ"", ""avatarUrl"" : { ""url"" : ""https://cdn.studyatnoon.com/public/school_student/648959/52ad66e3-3d8e-4c9b-a8a2-98b299b1deed_thumbnail.jpeg"" } }, ""created_at"" : { ""$date"" : 1765864000653 }, ""_class"" : ""com.noon.noon2.entity.chat.ChatMessage"" }"
I,5539.0,6940f45bb7e9a1769e09896b,768a0ffa-d2f2-4b74-9d70-a2636287c2f6,Ÿàÿßÿ∂ÿ≠,731f4273-a000-45da-b73c-049e6b683305,652934,STUDENT,70690,ÿπÿ®ÿØÿßŸÑŸÑŸá ÿßŸÑŸáÿßÿ¨ÿ±Ÿä,,1.76586E+12,12/16/25 5:55,1,"{ ""_id"" : { ""$oid"" : ""6940f45bb7e9a1769e09896b"" }, ""id"" : ""768a0ffa-d2f2-4b74-9d70-a2636287c2f6"", ""text"" : ""Ÿàÿßÿ∂ÿ≠"", ""chat_id"" : ""731f4273-a000-45da-b73c-049e6b683305"", ""creator_id"" : 652934, ""user_type"" : ""STUDENT"", ""metadata"" : { ""courseSessionId"" : 70690 }, ""creator_metadata"" : { ""name"" : ""ÿπÿ®ÿØÿßŸÑŸÑŸá ÿßŸÑŸáÿßÿ¨ÿ±Ÿä"", ""avatarUrl"" : { ""url"" : ""https://cdn.studyatnoon.com/public/school_student/652934/fd4bf2e8-3c23-4481-b3e2-2d9e010383ce_thumbnail.jpeg"" } }, ""created_at"" : { ""$date"" : 1765864539563 }, ""_class"" : ""com.noon.noon2.entity.chat.ChatMessage"" }"
I,4657.0,6940f251b7e9a1769e0977bc,42677de4-7ffe-4f3b-aa8f-327b2bcc0733,40,731f4273-a000-45da-b73c-049e6b683305,647411,STUDENT,70690,ŸÅÿßÿ±ÿ≥ ÿπŸàÿ∂Ÿá,,1.76586E+12,12/16/25 5:46,1,"{ ""_id"" : { ""$oid"" : ""6940f251b7e9a1769e0977bc"" }, ""id"" : ""42677de4-7ffe-4f3b-aa8f-327b2bcc0733"", ""text"" : ""40"", ""chat_id"" : ""731f4273-a000-45da-b73c-049e6b683305"", ""creator_id"" : 647411, ""user_type"" : ""STUDENT"", ""metadata"" : { ""courseSessionId"" : 70690 }, ""creator_metadata"" : { ""name"" : ""ŸÅÿßÿ±ÿ≥ ÿπŸàÿ∂Ÿá"", ""avatarUrl"" : { ""url"" : ""https://cdn.studyatnoon.com/public/school_student/647411/79ee8fc4-175b-4e8f-a16a-22c46e72f4b1_thumbnail.jpeg"" } }, ""created_at"" : { ""$date"" : 1765864017246 }, ""_class"" : ""com.noon.noon2.entity.chat.ChatMessage"" }"
I,3409.0,6940ef51b7e9a1769e096507,6c3f3cf0-0043-4979-b688-cca7e7f55105,ŸäŸÑÿß ÿπŸàÿßŸÅŸä,731f4273-a000-45da-b73c-049e6b683305,647411,STUDENT,70690,ŸÅÿßÿ±ÿ≥ ÿπŸàÿ∂Ÿá,,1.76586E+12,12/16/25 5:34,1,"{ ""_id"" : { ""$oid"" : ""6940ef51b7e9a1769e096507"" }, ""id"" : ""6c3f3cf0-0043-4979-b688-cca7e7f55105"", ""text"" : ""ŸäŸÑÿß ÿπŸàÿßŸÅŸä"", ""chat_id"" : ""731f4273-a000-45da-b73c-049e6b683305"", ""creator_id"" : 647411, ""user_type"" : ""STUDENT"", ""metadata"" : { ""courseSessionId"" : 70690 }, ""creator_metadata"" : { ""name"" : ""ŸÅÿßÿ±ÿ≥ ÿπŸàÿ∂Ÿá"", ""avatarUrl"" : { ""url"" : ""https://cdn.studyatnoon.com/public/school_student/647411/79ee8fc4-175b-4e8f-a16a-22c46e72f4b1_thumbnail.jpeg"" } }, ""created_at"" : { ""$date"" : 1765863249819 }, ""_class"" : ""com.noon.noon2.entity.chat.ChatMessage"" }"
I,4558.0,6940f216b7e9a1769e09760d,ca489ba2-b36d-49e5-a595-3641bff06a1b,ÿ™ŸÉŸàŸÜ ŸÇÿßÿ¶ŸÖÿ©?,731f4273-a000-45da-b73c-049e6b683305,648959,STUDENT,70690,ŸÉÿ±ŸÖ ÿ∫ŸÜÿßŸäŸÖ,,1.76586E+12,12/16/25 5:45,1,"{ ""_id"" : { ""$oid"" : ""6940f216b7e9a1769e09760d"" }, ""id"" : ""ca489ba2-b36d-49e5-a595-3641bff06a1b"", ""text"" : ""ÿ™ŸÉŸàŸÜ ŸÇÿßÿ¶ŸÖÿ©?"", ""chat_id"" : ""731f4273-a000-45da-b73c-049e6b683305"", ""creator_id"" : 648959, ""user_type"" : ""STUDENT"", ""metadata"" : { ""courseSessionId"" : 70690 }, ""creator_metadata"" : { ""name"" : ""ŸÉÿ±ŸÖ ÿ∫ŸÜÿßŸäŸÖ"", ""avatarUrl"" : { ""url"" : ""https://cdn.studyatnoon.com/public/school_student/648959/52ad66e3-3d8e-4c9b-a8a2-98b299b1deed_thumbnail.jpeg"" } }, ""created_at"" : { ""$date"" : 1765863958366 }, ""_class"" : ""com.noon.noon2.entity.chat.ChatMessage"" }"
I,5535.0,6940f457b7e9a1769e098938,8be35510-35af-4eba-9316-7c347cc5bb53,Ÿàÿßÿ∂ÿ≠,731f4273-a000-45da-b73c-049e6b683305,651452,STUDENT,70690,Ÿäÿßÿ≥ÿ± ÿßŸÑÿØŸàÿ≥ÿ±Ÿä,,1.76586E+12,12/16/25 5:55,1,"{ ""_id"" : { ""$oid"" : ""6940f457b7e9a1769e098938"" }, ""id"" : ""8be35510-35af-4eba-9316-7c347cc5bb53"", ""text"" : ""Ÿàÿßÿ∂ÿ≠"", ""chat_id"" : ""731f4273-a000-45da-b73c-049e6b683305"", ""creator_id"" : 651452, ""user_type"" : ""STUDENT"", ""metadata"" : { ""courseSessionId"" : 70690 }, ""creator_metadata"" : { ""name"" : ""Ÿäÿßÿ≥ÿ± ÿßŸÑÿØŸàÿ≥ÿ±Ÿä"", ""avatarUrl"" : { ""url"" : ""https://cdn.studyatnoon.com/public/school_student/651452/68c8730e-3aca-4439-a443-238f88140bbb_thumbnail.jpeg"" } }, ""created_at"" : { ""$date"" : 1765864535578 }, ""_class"" : ""com.noon.noon2.entity.chat.ChatMessage"" }"
I,3147.0,6940eec3b7e9a1769e0962a0,b423edd6-15d0-4784-95e7-26102b08d626,ÿßŸÑÿµŸàÿ™ ŸäŸÇÿ∑ÿπ,731f4273-a000-45da-b73c-049e6b683305,647426,STUDENT,70690,ÿπÿ®ÿØÿßŸÑŸÑŸá ÿ≥ÿπÿØ ÿßŸÑŸÇÿ≠ÿ∑ÿßŸÜŸä ,,1.76586E+12,12/16/25 5:31,1,"{ ""_id"" : { ""$oid"" : ""6940eec3b7e9a1769e0962a0"" }, ""id"" : ""b423edd6-15d0-4784-95e7-26102b08d626"", ""text"" : ""ÿßŸÑÿµŸàÿ™ ŸäŸÇÿ∑ÿπ"", ""chat_id"" : ""731f4273-a000-45da-b73c-049e6b683305"", ""creator_id"" : 647426, ""user_type"" : ""STUDENT"", ""metadata"" : { ""courseSessionId"" : 70690 }, ""creator_metadata"" : { ""name"" : ""ÿπÿ®ÿØÿßŸÑŸÑŸá ÿ≥ÿπÿØ ÿßŸÑŸÇÿ≠ÿ∑ÿßŸÜŸä "", ""avatarUrl"" : { ""url"" : ""https://cdn.studyatnoon.com/public/school_student/647426/8943933c-34e4-4d14-87b7-b6cce6146924_thumbnail.jpeg"" } }, ""created_at"" : { ""$date"" : 1765863107017 }, ""_class"" : ""com.noon.noon2.entity.chat.ChatMessage"" }"
I,5103.0,6940f347b7e9a1769e0980c6,a78dc83c-6931-47c6-843c-fb6d5e68f59b,ÿØÿ®ŸÑ,731f4273-a000-45da-b73c-049e6b683305,657525,STUDENT,70690,ŸÅŸáÿØ ÿßŸÑÿ≥ŸÜŸäÿØŸä,,1.76586E+12,12/16/25 5:51,1,"{ ""_id"" : { ""$oid"" : ""6940f347b7e9a1769e0980c6"" }, ""id"" : ""a78dc83c-6931-47c6-843c-fb6d5e68f59b"", ""text"" : ""ÿØÿ®ŸÑ"", ""chat_id"" : ""731f4273-a000-45da-b73c-049e6b683305"", ""creator_id"" : 657525, ""user_type"" : ""STUDENT"", ""metadata"" : { ""courseSessionId"" : 70690 }, ""creator_metadata"" : { ""name"" : ""ŸÅŸáÿØ ÿßŸÑÿ≥ŸÜŸäÿØŸä"", ""avatarUrl"" : { ""url"" : ""https://cdn.non.sa/images/avatar/male/2.png"" } }, ""created_at"" : { ""$date"" : 1765864263265 }, ""_class"" : ""com.noon.noon2.entity.chat.ChatMessage"" }"
I,5616.0,6940f480b7e9a1769e098a7a,656f5132-beea-440f-8b23-00e2e62f393b,110,731f4273-a000-45da-b73c-049e6b683305,652934,STUDENT,70690,ÿπÿ®ÿØÿßŸÑŸÑŸá ÿßŸÑŸáÿßÿ¨ÿ±Ÿä,,1.76586E+12,12/16/25 5:56,1,"{ ""_id"" : { ""$oid"" : ""6940f480b7e9a1769e098a7a"" }, ""id"" : ""656f5132-beea-440f-8b23-00e2e62f393b"", ""text"" : ""110"", ""chat_id"" : ""731f4273-a000-45da-b73c-049e6b683305"", ""creator_id"" : 652934, ""user_type"" : ""STUDENT"", ""metadata"" : { ""courseSessionId"" : 70690 }, ""creator_metadata"" : { ""name"" : ""ÿπÿ®ÿØÿßŸÑŸÑŸá ÿßŸÑŸáÿßÿ¨ÿ±Ÿä"", ""avatarUrl"" : { ""url"" : ""https://cdn.studyatnoon.com/public/school_student/652934/fd4bf2e8-3c23-4481-b3e2-2d9e010383ce_thumbnail.jpeg"" } }, ""created_at"" : { ""$date"" : 1765864576667 }, ""_class"" : ""com.noon.noon2.entity.chat.ChatMessage"" }"
I,1105.0,6940f7f9b7e9a1769e09aebb,f6951c78-7ae0-46e7-a496-eea2fe19b9a1,ÿ™ŸÇÿØÿ± ÿ™ÿπŸäÿØ ÿü,731f4273-a000-45da-b73c-049e6b683305,657525,STUDENT,70690,ŸÅŸáÿØ ÿßŸÑÿ≥ŸÜŸäÿØŸä,,1.76587E+12,12/16/25 6:11,1,"{ ""_id"" : { ""$oid"" : ""6940f7f9b7e9a1769e09aebb"" }, ""id"" : ""f6951c78-7ae0-46e7-a496-eea2fe19b9a1"", ""text"" : ""ÿ™ŸÇÿØÿ± ÿ™ÿπŸäÿØ ÿü"", ""chat_id"" : ""731f4273-a000-45da-b73c-049e6b683305"", ""creator_id"" : 657525, ""user_type"" : ""STUDENT"", ""metadata"" : { ""courseSessionId"" : 70690 }, ""creator_metadata"" : { ""name"" : ""ŸÅŸáÿØ ÿßŸÑÿ≥ŸÜŸäÿØŸä"", ""avatarUrl"" : { ""url"" : ""https://cdn.non.sa/images/avatar/male/2.png"" } }, ""created_at"" : { ""$date"" : 1765865465710 }, ""_class"" : ""com.noon.noon2.entity.chat.ChatMessage"" }"
I,3221.0,6940eee5b7e9a1769e096361,f1b74cb4-a8fd-4eaa-b666-98ad8da7e01c,ŸÜÿµ ŸÜÿµ,731f4273-a000-45da-b73c-049e6b683305,647426,STUDENT,70690,ÿπÿ®ÿØÿßŸÑŸÑŸá ÿ≥ÿπÿØ ÿßŸÑŸÇÿ≠ÿ∑ÿßŸÜŸä ,,1.76586E+12,12/16/25 5:32,1,"{ ""_id"" : { ""$oid"" : ""6940eee5b7e9a1769e096361"" }, ""id"" : ""f1b74cb4-a8fd-4eaa-b666-98ad8da7e01c"", ""text"" : ""ŸÜÿµ ŸÜÿµ"", ""chat_id"" : ""731f4273-a000-45da-b73c-049e6b683305"", ""creator_id"" : 647426, ""user_type"" : ""STUDENT"", ""metadata"" : { ""courseSessionId"" : 70690 }, ""creator_metadata"" : { ""name"" : ""ÿπÿ®ÿØÿßŸÑŸÑŸá ÿ≥ÿπÿØ ÿßŸÑŸÇÿ≠ÿ∑ÿßŸÜŸä "", ""avatarUrl"" : { ""url"" : ""https://cdn.studyatnoon.com/public/school_student/647426/8943933c-34e4-4d14-87b7-b6cce6146924_thumbnail.jpeg"" } }, ""created_at"" : { ""$date"" : 1765863141635 }, ""_class"" : ""com.noon.noon2.entity.chat.ChatMessage"" }"
I,0213.0,6940f5e5b7e9a1769e099864,c09e4fe5-d211-4ca0-b954-b12f74be983e,ŸÖŸÜŸä ÿ¥ÿßŸäŸÅ ÿ¥Ÿä,731f4273-a000-45da-b73c-049e6b683305,647411,STUDENT,70690,ŸÅÿßÿ±ÿ≥ ÿπŸàÿ∂Ÿá,,1.76586E+12,12/16/25 6:02,1,"{ ""_id"" : { ""$oid"" : ""6940f5e5b7e9a1769e099864"" }, ""id"" : ""c09e4fe5-d211-4ca0-b954-b12f74be983e"", ""text"" : ""ŸÖŸÜŸä ÿ¥ÿßŸäŸÅ ÿ¥Ÿä"", ""chat_id"" : ""731f4273-a000-45da-b73c-049e6b683305"", ""creator_id"" : 647411, ""user_type"" : ""STUDENT"", ""metadata"" : { ""courseSessionId"" : 70690 }, ""creator_metadata"" : { ""name"" : ""ŸÅÿßÿ±ÿ≥ ÿπŸàÿ∂Ÿá"", ""avatarUrl"" : { ""url"" : ""https://cdn.studyatnoon.com/public/school_student/647411/79ee8fc4-175b-4e8f-a16a-22c46e72f4b1_thumbnail.jpeg"" } }, ""created_at"" : { ""$date"" : 1765864933426 }, ""_class"" : ""com.noon.noon2.entity.chat.ChatMessage"" }"
I,3132.0,6940eeb4b7e9a1769e096229,747f89af-941d-4580-a114-1dc5b29a86b2,ÿßŸÑÿ≥ŸÑÿßŸÖ ÿπŸÑŸäŸÉŸÖ Ÿàÿ±ÿ≠ŸÖŸá ÿßŸÑŸÑŸá Ÿàÿ®ÿ±ŸÉÿßÿ™Ÿá,731f4273-a000-45da-b73c-049e6b683305,652934,STUDENT,70690,ÿπÿ®ÿØÿßŸÑŸÑŸá ÿßŸÑŸáÿßÿ¨ÿ±Ÿä,,1.76586E+12,12/16/25 5:31,1,"{ ""_id"" : { ""$oid"" : ""6940eeb4b7e9a1769e096229"" }, ""id"" : ""747f89af-941d-4580-a114-1dc5b29a86b2"", ""text"" : ""ÿßŸÑÿ≥ŸÑÿßŸÖ ÿπŸÑŸäŸÉŸÖ Ÿàÿ±ÿ≠ŸÖŸá ÿßŸÑŸÑŸá Ÿàÿ®ÿ±ŸÉÿßÿ™Ÿá"", ""chat_id"" : ""731f4273-a000-45da-b73c-049e6b683305"", ""creator_id"" : 652934, ""user_type"" : ""STUDENT"", ""metadata"" : { ""courseSessionId"" : 70690 }, ""creator_metadata"" : { ""name"" : ""ÿπÿ®ÿØÿßŸÑŸÑŸá ÿßŸÑŸáÿßÿ¨ÿ±Ÿä"", ""avatarUrl"" : { ""url"" : ""https://cdn.studyatnoon.com/public/school_student/652934/fd4bf2e8-3c23-4481-b3e2-2d9e010383ce_thumbnail.jpeg"" } }, ""created_at"" : { ""$date"" : 1765863092427 }, ""_class"" : ""com.noon.noon2.entity.chat.ChatMessage"" }"
I,3158.0,6940eeceb7e9a1769e0962e9,6bd03f82-aae4-4c67-bc54-e433e93ee229,ÿπŸÑŸäŸÉŸÖ ÿßŸÑÿ≥ŸÑÿßŸÖ Ÿàÿ±ÿ≠ŸÖÿ© ÿßŸÑŸÑŸá Ÿàÿ®ÿ±ŸÉÿßÿ™Ÿá,731f4273-a000-45da-b73c-049e6b683305,636745,TEACHER,70690,ÿ£.ÿπÿ®ÿØÿßŸÑÿ±ÿ≤ÿßŸÇ ÿßŸÑÿ¥ÿ±ŸäŸÅ ,,1.76586E+12,12/16/25 5:31,1,"{ ""_id"" : { ""$oid"" : ""6940eeceb7e9a1769e0962e9"" }, ""id"" : ""6bd03f82-aae4-4c67-bc54-e433e93ee229"", ""text"" : ""ÿπŸÑŸäŸÉŸÖ ÿßŸÑÿ≥ŸÑÿßŸÖ Ÿàÿ±ÿ≠ŸÖÿ© ÿßŸÑŸÑŸá Ÿàÿ®ÿ±ŸÉÿßÿ™Ÿá"", ""chat_id"" : ""731f4273-a000-45da-b73c-049e6b683305"", ""creator_id"" : 636745, ""user_type"" : ""TEACHER"", ""metadata"" : { ""courseSessionId"" : 70690 }, ""creator_metadata"" : { ""name"" : ""ÿ£.ÿπÿ®ÿØÿßŸÑÿ±ÿ≤ÿßŸÇ ÿßŸÑÿ¥ÿ±ŸäŸÅ "", ""avatarUrl"" : { ""url"" : ""https://cdn.studyatnoon.com/public/teacher/636745/e5735caf-25ba-4804-9b29-25486f32a264_thumbnail.jpeg"" } }, ""created_at"" : { ""$date"" : 1765863118519 }, ""_class"" : ""com.noon.noon2.entity.chat.ChatMessage"" }"
I,4212.0,6940f134b7e9a1769e096ffd,ff324471-3db3-4e2f-b80f-209c963afd57,Ÿàÿßÿ∂ÿ≠,731f4273-a000-45da-b73c-049e6b683305,647499,STUDENT,70690,ÿπÿ®ÿØÿßŸÑÿ±ÿ≠ŸÖŸÜ ÿßŸÑÿ∫ÿßŸÜŸÖ,,1.76586E+12,12/16/25 5:42,1,"{ ""_id"" : { ""$oid"" : ""6940f134b7e9a1769e096ffd"" }, ""id"" : ""ff324471-3db3-4e2f-b80f-209c963afd57"", ""text"" : ""Ÿàÿßÿ∂ÿ≠"", ""chat_id"" : ""731f4273-a000-45da-b73c-049e6b683305"", ""creator_id"" : 647499, ""user_type"" : ""STUDENT"", ""metadata"" : { ""courseSessionId"" : 70690 }, ""creator_metadata"" : { ""name"" : ""ÿπÿ®ÿØÿßŸÑÿ±ÿ≠ŸÖŸÜ ÿßŸÑÿ∫ÿßŸÜŸÖ"", ""avatarUrl"" : { ""url"" : ""https://cdn.studyatnoon.com/public/school_student/647499/ce667997-10c3-4998-a42b-f2051d491a6f_thumbnail.jpeg"" } }, ""created_at"" : { ""$date"" : 1765863732570 }, ""_class"" : ""com.noon.noon2.entity.chat.ChatMessage"" }"
I,3214.0,6940eedeb7e9a1769e096327,4feb8b47-5d52-4dd4-917e-3b57b4787cd7,ŸÑÿ≥ÿß,731f4273-a000-45da-b73c-049e6b683305,647411,STUDENT,70690,ŸÅÿßÿ±ÿ≥ ÿπŸàÿ∂Ÿá,,1.76586E+12,12/16/25 5:32,1,"{ ""_id"" : { ""$oid"" : ""6940eedeb7e9a1769e096327"" }, ""id"" : ""4feb8b47-5d52-4dd4-917e-3b57b4787cd7"", ""text"" : ""ŸÑÿ≥ÿß"", ""chat_id"" : ""731f4273-a000-45da-b73c-049e6b683305"", ""creator_id"" : 647411, ""user_type"" : ""STUDENT"", ""metadata"" : { ""courseSessionId"" : 70690 }, ""creator_metadata"" : { ""name"" : ""ŸÅÿßÿ±ÿ≥ ÿπŸàÿ∂Ÿá"", ""avatarUrl"" : { ""url"" : ""https://cdn.studyatnoon.com/public/school_student/647411/79ee8fc4-175b-4e8f-a16a-22c46e72f4b1_thumbnail.jpeg"" } }, ""created_at"" : { ""$date"" : 1765863134684 }, ""_class"" : ""com.noon.noon2.entity.chat.ChatMessage"" }"
I,4325.0,6940f17db7e9a1769e097170,d207153e-b089-45a9-9b4d-bcccd4fb7f22,Ÿàÿßÿ∂ÿ≠,731f4273-a000-45da-b73c-049e6b683305,651452,STUDENT,70690,Ÿäÿßÿ≥ÿ± ÿßŸÑÿØŸàÿ≥ÿ±Ÿä,,1.76586E+12,12/16/25 5:43,1,"{ ""_id"" : { ""$oid"" : ""6940f17db7e9a1769e097170"" }, ""id"" : ""d207153e-b089-45a9-9b4d-bcccd4fb7f22"", ""text"" : ""Ÿàÿßÿ∂ÿ≠"", ""chat_id"" : ""731f4273-a000-45da-b73c-049e6b683305"", ""creator_id"" : 651452, ""user_type"" : ""STUDENT"", ""metadata"" : { ""courseSessionId"" : 70690 }, ""creator_metadata"" : { ""name"" : ""Ÿäÿßÿ≥ÿ± ÿßŸÑÿØŸàÿ≥ÿ±Ÿä"", ""avatarUrl"" : { ""url"" : ""https://cdn.studyatnoon.com/public/school_student/651452/68c8730e-3aca-4439-a443-238f88140bbb_thumbnail.jpeg"" } }, ""created_at"" : { ""$date"" : 1765863805912 }, ""_class"" : ""com.noon.noon2.entity.chat.ChatMessage"" }"
I,4808.0,6940f298b7e9a1769e0979a4,eb667897-4c9b-4c94-81e0-3eb04222df28,ÿ∑Ÿäÿ® ÿßŸÑÿ´ÿßŸÑÿ´,731f4273-a000-45da-b73c-049e6b683305,647411,STUDENT,70690,ŸÅÿßÿ±ÿ≥ ÿπŸàÿ∂Ÿá,,1.76586E+12,12/16/25 5:48,1,"{ ""_id"" : { ""$oid"" : ""6940f298b7e9a1769e0979a4"" }, ""id"" : ""eb667897-4c9b-4c94-81e0-3eb04222df28"", ""text"" : ""ÿ∑Ÿäÿ® ÿßŸÑÿ´ÿßŸÑÿ´"", ""chat_id"" : ""731f4273-a000-45da-b73c-049e6b683305"", ""creator_id"" : 647411, ""user_type"" : ""STUDENT"", ""metadata"" : { ""courseSessionId"" : 70690 }, ""creator_metadata"" : { ""name"" : ""ŸÅÿßÿ±ÿ≥ ÿπŸàÿ∂Ÿá"", ""avatarUrl"" : { ""url"" : ""https://cdn.studyatnoon.com/public/school_student/647411/79ee8fc4-175b-4e8f-a16a-22c46e72f4b1_thumbnail.jpeg"" } }, ""created_at"" : { ""$date"" : 1765864088471 }, ""_class"" : ""com.noon.noon2.entity.chat.ChatMessage"" }"
I,4342.0,6940f18eb7e9a1769e0971d6,b7fdd57f-136d-4949-8ad1-19b37dfa2bea,ŸÖÿß ŸÅŸáŸÖÿ™Ÿáÿß ŸÖÿ±Ÿá Ÿäÿß ÿßÿ≥ÿ™ÿßÿ∞,731f4273-a000-45da-b73c-049e6b683305,652934,STUDENT,70690,ÿπÿ®ÿØÿßŸÑŸÑŸá ÿßŸÑŸáÿßÿ¨ÿ±Ÿä,,1.76586E+12,12/16/25 5:43,1,"{ ""_id"" : { ""$oid"" : ""6940f18eb7e9a1769e0971d6"" }, ""id"" : ""b7fdd57f-136d-4949-8ad1-19b37dfa2bea"", ""text"" : ""ŸÖÿß ŸÅŸáŸÖÿ™Ÿáÿß ŸÖÿ±Ÿá Ÿäÿß ÿßÿ≥ÿ™ÿßÿ∞"", ""chat_id"" : ""731f4273-a000-45da-b73c-049e6b683305"", ""creator_id"" : 652934, ""user_type"" : ""STUDENT"", ""metadata"" : { ""courseSessionId"" : 70690 }, ""creator_metadata"" : { ""name"" : ""ÿπÿ®ÿØÿßŸÑŸÑŸá ÿßŸÑŸáÿßÿ¨ÿ±Ÿä"", ""avatarUrl"" : { ""url"" : ""https://cdn.studyatnoon.com/public/school_student/652934/fd4bf2e8-3c23-4481-b3e2-2d9e010383ce_thumbnail.jpeg"" } }, ""created_at"" : { ""$date"" : 1765863822687 }, ""_class"" : ""com.noon.noon2.entity.chat.ChatMessage"" }"
I,4624.0,6940f230b7e9a1769e0976de,05a77bc3-1fb4-4b99-93db-bb2fed8f324c,ÿØÿßÿÆŸÑ ÿßŸÑÿØÿßÿ¶ÿ±ÿ©,731f4273-a000-45da-b73c-049e6b683305,648959,STUDENT,70690,ŸÉÿ±ŸÖ ÿ∫ŸÜÿßŸäŸÖ,,1.76586E+12,12/16/25 5:46,1,"{ ""_id"" : { ""$oid"" : ""6940f230b7e9a1769e0976de"" }, ""id"" : ""05a77bc3-1fb4-4b99-93db-bb2fed8f324c"", ""text"" : ""ÿØÿßÿÆŸÑ ÿßŸÑÿØÿßÿ¶ÿ±ÿ©"", ""chat_id"" : ""731f4273-a000-45da-b73c-049e6b683305"", ""creator_id"" : 648959, ""user_type"" : ""STUDENT"", ""metadata"" : { ""courseSessionId"" : 70690 }, ""creator_metadata"" : { ""name"" : ""ŸÉÿ±ŸÖ ÿ∫ŸÜÿßŸäŸÖ"", ""avatarUrl"" : { ""url"" : ""https://cdn.studyatnoon.com/public/school_student/648959/52ad66e3-3d8e-4c9b-a8a2-98b299b1deed_thumbnail.jpeg"" } }, ""created_at"" : { ""$date"" : 1765863984122 }, ""_class"" : ""com.noon.noon2.entity.chat.ChatMessage"" }"
I,1056.0,6940f7f0b7e9a1769e09ae22,dce593b8-4225-4a03-a4c7-8f0f8f62cf53,Ÿàÿßÿ∂ÿ≠,731f4273-a000-45da-b73c-049e6b683305,648959,STUDENT,70690,ŸÉÿ±ŸÖ ÿ∫ŸÜÿßŸäŸÖ,,1.76587E+12,12/16/25 6:10,1,"{ ""_id"" : { ""$oid"" : ""6940f7f0b7e9a1769e09ae22"" }, ""id"" : ""dce593b8-4225-4a03-a4c7-8f0f8f62cf53"", ""text"" : ""Ÿàÿßÿ∂ÿ≠"", ""chat_id"" : ""731f4273-a000-45da-b73c-049e6b683305"", ""creator_id"" : 648959, ""user_type"" : ""STUDENT"", ""metadata"" : { ""courseSessionId"" : 70690 }, ""creator_metadata"" : { ""name"" : ""ŸÉÿ±ŸÖ ÿ∫ŸÜÿßŸäŸÖ"", ""avatarUrl"" : { ""url"" : ""https://cdn.studyatnoon.com/public/school_student/648959/52ad66e3-3d8e-4c9b-a8a2-98b299b1deed_thumbnail.jpeg"" } }, ""created_at"" : { ""$date"" : 1765865456674 }, ""_class"" : ""com.noon.noon2.entity.chat.ChatMessage"" }"
I,3240.0,6940eef8b7e9a1769e09639a,399b98fa-2687-401b-9e06-9c4f3dd114db,ŸÑÿß ŸàÿßŸÑŸÑŸá ÿ™ŸÇÿ∑ŸäŸäÿπ,731f4273-a000-45da-b73c-049e6b683305,647426,STUDENT,70690,ÿπÿ®ÿØÿßŸÑŸÑŸá ÿ≥ÿπÿØ ÿßŸÑŸÇÿ≠ÿ∑ÿßŸÜŸä ,,1.76586E+12,12/16/25 5:32,1,"{ ""_id"" : { ""$oid"" : ""6940eef8b7e9a1769e09639a"" }, ""id"" : ""399b98fa-2687-401b-9e06-9c4f3dd114db"", ""text"" : ""ŸÑÿß ŸàÿßŸÑŸÑŸá ÿ™ŸÇÿ∑ŸäŸäÿπ"", ""chat_id"" : ""731f4273-a000-45da-b73c-049e6b683305"", ""creator_id"" : 647426, ""user_type"" : ""STUDENT"", ""metadata"" : { ""courseSessionId"" : 70690 }, ""creator_metadata"" : { ""name"" : ""ÿπÿ®ÿØÿßŸÑŸÑŸá ÿ≥ÿπÿØ ÿßŸÑŸÇÿ≠ÿ∑ÿßŸÜŸä "", ""avatarUrl"" : { ""url"" : ""https://cdn.studyatnoon.com/public/school_student/647426/8943933c-34e4-4d14-87b7-b6cce6146924_thumbnail.jpeg"" } }, ""created_at"" : { ""$date"" : 1765863160336 }, ""_class"" : ""com.noon.noon2.entity.chat.ChatMessage"" }"
I,1135.0,6940f817b7e9a1769e09aff3,61beb449-9726-45a1-8103-abe35fc52343,ŸÑŸäŸá ÿ≥ ÿ™ÿ≥ÿßŸàŸä ÿßŸÑŸÇŸàÿ≥ ÿßŸäÿ¥ ÿßŸÑÿπŸÑÿßŸÇŸá,731f4273-a000-45da-b73c-049e6b683305,647748,STUDENT,70690,ÿπÿ®ÿØÿßŸÑÿπÿ≤Ÿäÿ≤ ÿßŸÑÿπŸÖÿßÿ±,,1.76587E+12,12/16/25 6:11,1,"{ ""_id"" : { ""$oid"" : ""6940f817b7e9a1769e09aff3"" }, ""id"" : ""61beb449-9726-45a1-8103-abe35fc52343"", ""text"" : ""ŸÑŸäŸá ÿ≥ ÿ™ÿ≥ÿßŸàŸä ÿßŸÑŸÇŸàÿ≥ ÿßŸäÿ¥ ÿßŸÑÿπŸÑÿßŸÇŸá"", ""chat_id"" : ""731f4273-a000-45da-b73c-049e6b683305"", ""creator_id"" : 647748, ""user_type"" : ""STUDENT"", ""metadata"" : { ""courseSessionId"" : 70690 }, ""creator_metadata"" : { ""name"" : ""ÿπÿ®ÿØÿßŸÑÿπÿ≤Ÿäÿ≤ ÿßŸÑÿπŸÖÿßÿ±"", ""avatarUrl"" : { ""url"" : ""https://cdn.non.sa/images/avatar/male/1.png"" } }, ""created_at"" : { ""$date"" : 1765865495074 }, ""_class"" : ""com.noon.noon2.entity.chat.ChatMessage"" }"
I,3125.0,6940eeadb7e9a1769e0961ed,4fa591d9-ec48-4d4e-af95-a8a144ad3b92,?,731f4273-a000-45da-b73c-049e6b683305,657525,STUDENT,70690,ŸÅŸáÿØ ÿßŸÑÿ≥ŸÜŸäÿØŸä,,1.76586E+12,12/16/25 5:31,1,"{ ""_id"" : { ""$oid"" : ""6940eeadb7e9a1769e0961ed"" }, ""id"" : ""4fa591d9-ec48-4d4e-af95-a8a144ad3b92"", ""text"" : ""?"", ""chat_id"" : ""731f4273-a000-45da-b73c-049e6b683305"", ""creator_id"" : 657525, ""user_type"" : ""STUDENT"", ""metadata"" : { ""courseSessionId"" : 70690 }, ""creator_metadata"" : { ""name"" : ""ŸÅŸáÿØ ÿßŸÑÿ≥ŸÜŸäÿØŸä"", ""avatarUrl"" : { ""url"" : ""https://cdn.non.sa/images/avatar/male/2.png"" } }, ""created_at"" : { ""$date"" : 1765863085209 }, ""_class"" : ""com.noon.noon2.entity.chat.ChatMessage"" }"
I,3510.0,6940ef8eb7e9a1769e096689,01055b17-d254-48ab-b720-743b7fd36513,ŸÅŸä ÿ≠ÿ®ÿßÿ±,731f4273-a000-45da-b73c-049e6b683305,647411,STUDENT,70690,ŸÅÿßÿ±ÿ≥ ÿπŸàÿ∂Ÿá,,1.76586E+12,12/16/25 5:35,1,"{ ""_id"" : { ""$oid"" : ""6940ef8eb7e9a1769e096689"" }, ""id"" : ""01055b17-d254-48ab-b720-743b7fd36513"", ""text"" : ""ŸÅŸä ÿ≠ÿ®ÿßÿ±"", ""chat_id"" : ""731f4273-a000-45da-b73c-049e6b683305"", ""creator_id"" : 647411, ""user_type"" : ""STUDENT"", ""metadata"" : { ""courseSessionId"" : 70690 }, ""creator_metadata"" : { ""name"" : ""ŸÅÿßÿ±ÿ≥ ÿπŸàÿ∂Ÿá"", ""avatarUrl"" : { ""url"" : ""https://cdn.studyatnoon.com/public/school_student/647411/79ee8fc4-175b-4e8f-a16a-22c46e72f4b1_thumbnail.jpeg"" } }, ""created_at"" : { ""$date"" : 1765863310779 }, ""_class"" : ""com.noon.noon2.entity.chat.ChatMessage"" }"