attempt_id,poll_type,poll_type_2,poll_id,poll_source,course_id,course_session_id,on_demand_session_id,evaluation_id,classroom_activity_id,is_course_session_deleted,poll_answered,poll_seen,user_id,question_type,question_id,question_text,question_image_flag,question_format,show_correct_answer,choice_type,selected_choice_id,submitted_choice_text,correct_choice_id,is_correct_answer,poll_start_time,poll_end_time,poll_duration,total_choices_selected,creator_id,is_poll_deleted,poll_created_at,poll_updated_at,choice_submitted_at,rn,,,,,,,,,,,
mcq15195867,mcq,EXIT_TICKET,342115,course session,14796,70690,,,148836,0,1,1,647404,has correct answer,18098,ŸÖÿ≥ÿ™ÿ∑ŸäŸÑ ÿØÿßÿÆŸÑŸá Ÿ¶ ÿØŸàÿßÿ¶ÿ± ŸÖÿ™ÿ∑ÿßÿ®ŸÇÿ© ÿå ÿ£Ÿàÿ¨ÿØ ŸÇÿ∑ÿ± ÿßŸÑÿØÿßÿ¶ÿ±ÿ© ÿü,1,image and text,0,MCQ,91485,,91485,1,12/16/25 6:15,12/16/25 6:15,17,1,557612,0,12/11/25 10:35,12/11/25 10:35,12/16/25 6:15,1,,,,,,,,,,,
mcq15195993,mcq,EXIT_TICKET,342115,course session,14796,70690,,,148836,0,1,1,648959,has correct answer,18098,ŸÖÿ≥ÿ™ÿ∑ŸäŸÑ ÿØÿßÿÆŸÑŸá Ÿ¶ ÿØŸàÿßÿ¶ÿ± ŸÖÿ™ÿ∑ÿßÿ®ŸÇÿ© ÿå ÿ£Ÿàÿ¨ÿØ ŸÇÿ∑ÿ± ÿßŸÑÿØÿßÿ¶ÿ±ÿ© ÿü,1,image and text,0,MCQ,91485,,91485,1,12/16/25 6:16,12/16/25 6:16,12,3,557612,0,12/11/25 10:35,12/11/25 10:35,12/16/25 6:16,1,,,77,poll_type_2,(All),,,,,,
mcq15195818,mcq,EXIT_TICKET,342115,course session,14796,70690,,,148836,0,1,1,647306,has correct answer,18098,ŸÖÿ≥ÿ™ÿ∑ŸäŸÑ ÿØÿßÿÆŸÑŸá Ÿ¶ ÿØŸàÿßÿ¶ÿ± ŸÖÿ™ÿ∑ÿßÿ®ŸÇÿ© ÿå ÿ£Ÿàÿ¨ÿØ ŸÇÿ∑ÿ± ÿßŸÑÿØÿßÿ¶ÿ±ÿ© ÿü,1,image and text,0,MCQ,89471,,91485,0,12/16/25 6:14,12/16/25 6:15,27,1,557612,0,12/11/25 10:35,12/11/25 10:35,12/16/25 6:15,1,,,,,,,,,,,
mcq15195820,mcq,EXIT_TICKET,342115,course session,14796,70690,,,148836,0,1,1,647426,has correct answer,18098,ŸÖÿ≥ÿ™ÿ∑ŸäŸÑ ÿØÿßÿÆŸÑŸá Ÿ¶ ÿØŸàÿßÿ¶ÿ± ŸÖÿ™ÿ∑ÿßÿ®ŸÇÿ© ÿå ÿ£Ÿàÿ¨ÿØ ŸÇÿ∑ÿ± ÿßŸÑÿØÿßÿ¶ÿ±ÿ© ÿü,1,image and text,0,MCQ,88112,,91485,0,12/16/25 6:14,12/16/25 6:14,10,1,557612,0,12/11/25 10:35,12/11/25 10:35,12/16/25 6:14,1,,,,Row Labels,Sum of is_correct_answer,Sum of poll_answered,Count of user_id,,,,
mcq15195870,mcq,EXIT_TICKET,342115,course session,14796,70690,,,148836,0,1,1,657525,has correct answer,18098,ŸÖÿ≥ÿ™ÿ∑ŸäŸÑ ÿØÿßÿÆŸÑŸá Ÿ¶ ÿØŸàÿßÿ¶ÿ± ŸÖÿ™ÿ∑ÿßÿ®ŸÇÿ© ÿå ÿ£Ÿàÿ¨ÿØ ŸÇÿ∑ÿ± ÿßŸÑÿØÿßÿ¶ÿ±ÿ© ÿü,1,image and text,0,MCQ,91485,,91485,1,12/16/25 6:15,12/16/25 6:15,43,1,557612,0,12/11/25 10:35,12/11/25 10:35,12/16/25 6:15,1,,,,148841,3,12,17,0.176470588,,#REF!,#REF!
mcq15195862,mcq,EXIT_TICKET,342115,course session,14796,70690,,,148836,0,1,1,647748,has correct answer,18098,ŸÖÿ≥ÿ™ÿ∑ŸäŸÑ ÿØÿßÿÆŸÑŸá Ÿ¶ ÿØŸàÿßÿ¶ÿ± ŸÖÿ™ÿ∑ÿßÿ®ŸÇÿ© ÿå ÿ£Ÿàÿ¨ÿØ ŸÇÿ∑ÿ± ÿßŸÑÿØÿßÿ¶ÿ±ÿ© ÿü,1,image and text,0,MCQ,91485,,91485,1,12/16/25 6:14,12/16/25 6:14,20,4,557612,0,12/11/25 10:35,12/11/25 10:35,12/16/25 6:14,1,,,,148840,7,11,18,,,,#REF!
mcq15195924,mcq,EXIT_TICKET,342115,course session,14796,70690,,,148836,0,1,1,648953,has correct answer,18098,ŸÖÿ≥ÿ™ÿ∑ŸäŸÑ ÿØÿßÿÆŸÑŸá Ÿ¶ ÿØŸàÿßÿ¶ÿ± ŸÖÿ™ÿ∑ÿßÿ®ŸÇÿ© ÿå ÿ£Ÿàÿ¨ÿØ ŸÇÿ∑ÿ± ÿßŸÑÿØÿßÿ¶ÿ±ÿ© ÿü,1,image and text,0,MCQ,83110,,91485,0,12/16/25 6:15,12/16/25 6:15,1,1,557612,0,12/11/25 10:35,12/11/25 10:35,12/16/25 6:15,1,,,,148839,5,14,19,,,,#REF!
mcq15196018,mcq,EXIT_TICKET,342115,course session,14796,70690,,,148836,0,1,1,648986,has correct answer,18098,ŸÖÿ≥ÿ™ÿ∑ŸäŸÑ ÿØÿßÿÆŸÑŸá Ÿ¶ ÿØŸàÿßÿ¶ÿ± ŸÖÿ™ÿ∑ÿßÿ®ŸÇÿ© ÿå ÿ£Ÿàÿ¨ÿØ ŸÇÿ∑ÿ± ÿßŸÑÿØÿßÿ¶ÿ±ÿ© ÿü,1,image and text,0,MCQ,91485,,91485,1,12/16/25 6:14,12/16/25 6:18,237,2,557612,0,12/11/25 10:35,12/11/25 10:35,12/16/25 6:18,1,,,,148838,10,14,20,,,,
mcq15195960,mcq,EXIT_TICKET,342115,course session,14796,70690,,,148836,0,1,1,647739,has correct answer,18098,ŸÖÿ≥ÿ™ÿ∑ŸäŸÑ ÿØÿßÿÆŸÑŸá Ÿ¶ ÿØŸàÿßÿ¶ÿ± ŸÖÿ™ÿ∑ÿßÿ®ŸÇÿ© ÿå ÿ£Ÿàÿ¨ÿØ ŸÇÿ∑ÿ± ÿßŸÑÿØÿßÿ¶ÿ±ÿ© ÿü,1,image and text,0,MCQ,91485,,91485,1,12/16/25 6:15,12/16/25 6:15,11,1,557612,0,12/11/25 10:35,12/11/25 10:35,12/16/25 6:15,1,,,,148837,21,85,93,,,,
mcq15195814,mcq,EXIT_TICKET,342115,course session,14796,70690,,,148836,0,1,1,647433,has correct answer,18098,ŸÖÿ≥ÿ™ÿ∑ŸäŸÑ ÿØÿßÿÆŸÑŸá Ÿ¶ ÿØŸàÿßÿ¶ÿ± ŸÖÿ™ÿ∑ÿßÿ®ŸÇÿ© ÿå ÿ£Ÿàÿ¨ÿØ ŸÇÿ∑ÿ± ÿßŸÑÿØÿßÿ¶ÿ±ÿ© ÿü,1,image and text,0,MCQ,88112,,91485,0,12/16/25 6:14,12/16/25 6:15,38,1,557612,0,12/11/25 10:35,12/11/25 10:35,12/16/25 6:15,1,,,,148836,31,58,64,,,,
mcq15195830,mcq,EXIT_TICKET,342115,course session,14796,70690,,,148836,0,1,1,651452,has correct answer,18098,ŸÖÿ≥ÿ™ÿ∑ŸäŸÑ ÿØÿßÿÆŸÑŸá Ÿ¶ ÿØŸàÿßÿ¶ÿ± ŸÖÿ™ÿ∑ÿßÿ®ŸÇÿ© ÿå ÿ£Ÿàÿ¨ÿØ ŸÇÿ∑ÿ± ÿßŸÑÿØÿßÿ¶ÿ±ÿ© ÿü,1,image and text,0,MCQ,91485,,91485,1,12/16/25 6:14,12/16/25 6:14,9,1,557612,0,12/11/25 10:35,12/11/25 10:35,12/16/25 6:14,1,,,,Grand Total,77,194,231,0.333333333,,,
mcq15195899,mcq,EXIT_TICKET,342115,course session,14796,70690,,,148836,0,1,1,647499,has correct answer,18098,ŸÖÿ≥ÿ™ÿ∑ŸäŸÑ ÿØÿßÿÆŸÑŸá Ÿ¶ ÿØŸàÿßÿ¶ÿ± ŸÖÿ™ÿ∑ÿßÿ®ŸÇÿ© ÿå ÿ£Ÿàÿ¨ÿØ ŸÇÿ∑ÿ± ÿßŸÑÿØÿßÿ¶ÿ±ÿ© ÿü,1,image and text,0,MCQ,91485,,91485,1,12/16/25 6:15,12/16/25 6:15,9,1,557612,0,12/11/25 10:35,12/11/25 10:35,12/16/25 6:15,1,,,,,,,,,,,
mcq15195821,mcq,EXIT_TICKET,342115,course session,14796,70690,,,148836,0,0,0,652933,has correct answer,18098,ŸÖÿ≥ÿ™ÿ∑ŸäŸÑ ÿØÿßÿÆŸÑŸá Ÿ¶ ÿØŸàÿßÿ¶ÿ± ŸÖÿ™ÿ∑ÿßÿ®ŸÇÿ© ÿå ÿ£Ÿàÿ¨ÿØ ŸÇÿ∑ÿ± ÿßŸÑÿØÿßÿ¶ÿ±ÿ© ÿü,1,image and text,0,MCQ,-1,,91485,,12/16/25 6:14,12/16/25 6:14,,0,557612,0,12/11/25 10:35,12/11/25 10:35,,1,,,,,,,,,,,
mcq15195817,mcq,EXIT_TICKET,342115,course session,14796,70690,,,148836,0,0,0,652938,has correct answer,18098,ŸÖÿ≥ÿ™ÿ∑ŸäŸÑ ÿØÿßÿÆŸÑŸá Ÿ¶ ÿØŸàÿßÿ¶ÿ± ŸÖÿ™ÿ∑ÿßÿ®ŸÇÿ© ÿå ÿ£Ÿàÿ¨ÿØ ŸÇÿ∑ÿ± ÿßŸÑÿØÿßÿ¶ÿ±ÿ© ÿü,1,image and text,0,MCQ,-1,,91485,,12/16/25 6:14,12/16/25 6:14,,0,557612,0,12/11/25 10:35,12/11/25 10:35,,1,,,,,,,,,,,
mcq15195815,mcq,EXIT_TICKET,342115,course session,14796,70690,,,148836,0,1,1,647496,has correct answer,18098,ŸÖÿ≥ÿ™ÿ∑ŸäŸÑ ÿØÿßÿÆŸÑŸá Ÿ¶ ÿØŸàÿßÿ¶ÿ± ŸÖÿ™ÿ∑ÿßÿ®ŸÇÿ© ÿå ÿ£Ÿàÿ¨ÿØ ŸÇÿ∑ÿ± ÿßŸÑÿØÿßÿ¶ÿ±ÿ© ÿü,1,image and text,0,MCQ,91485,,91485,1,12/16/25 6:14,12/16/25 6:15,34,1,557612,0,12/11/25 10:35,12/11/25 10:35,12/16/25 6:15,1,,,,,,,,,,,
mcq15195833,mcq,EXIT_TICKET,342115,course session,14796,70690,,,148836,0,1,1,648951,has correct answer,18098,ŸÖÿ≥ÿ™ÿ∑ŸäŸÑ ÿØÿßÿÆŸÑŸá Ÿ¶ ÿØŸàÿßÿ¶ÿ± ŸÖÿ™ÿ∑ÿßÿ®ŸÇÿ© ÿå ÿ£Ÿàÿ¨ÿØ ŸÇÿ∑ÿ± ÿßŸÑÿØÿßÿ¶ÿ±ÿ© ÿü,1,image and text,0,MCQ,88112,,91485,0,12/16/25 6:14,12/16/25 6:15,39,1,557612,0,12/11/25 10:35,12/11/25 10:35,12/16/25 6:15,1,,,,,,,,,,,
mcq15195836,mcq,EXIT_TICKET,342115,course session,14796,70690,,,148836,0,1,1,652934,has correct answer,18098,ŸÖÿ≥ÿ™ÿ∑ŸäŸÑ ÿØÿßÿÆŸÑŸá Ÿ¶ ÿØŸàÿßÿ¶ÿ± ŸÖÿ™ÿ∑ÿßÿ®ŸÇÿ© ÿå ÿ£Ÿàÿ¨ÿØ ŸÇÿ∑ÿ± ÿßŸÑÿØÿßÿ¶ÿ±ÿ© ÿü,1,image and text,0,MCQ,91485,,91485,1,12/16/25 6:14,12/16/25 6:14,1,1,557612,0,12/11/25 10:35,12/11/25 10:35,12/16/25 6:14,1,,,,,,,,,,,
mcq15193754,mcq,TEAM_EXERCISE,342120,course session,14796,70690,,,148837,0,1,1,647748,has correct answer,367083,ÿ£Ÿàÿ¨ÿØ ŸÖÿ≥ÿßÿ≠ÿ© ÿßŸÑÿØÿßÿ¶ÿ±ÿ©&nbsp;,1,image and text,1,MCQ,1428917,,1428917,1,12/16/25 6:04,12/16/25 6:05,39,1,557612,0,12/11/25 10:35,12/11/25 10:35,12/16/25 6:05,1,,,,,,,,,,,
mcq15194043,mcq,TEAM_EXERCISE,342120,course session,14796,70690,,,148837,0,1,1,648951,has correct answer,367083,ÿ£Ÿàÿ¨ÿØ ŸÖÿ≥ÿßÿ≠ÿ© ÿßŸÑÿØÿßÿ¶ÿ±ÿ©&nbsp;,1,image and text,1,MCQ,1428917,,1428917,1,12/16/25 6:07,12/16/25 6:07,13,1,557612,0,12/11/25 10:35,12/11/25 10:35,12/16/25 6:07,1,,,,,,,,,,,
mcq15193723,mcq,TEAM_EXERCISE,342120,course session,14796,70690,,,148837,0,1,1,647499,has correct answer,367083,ÿ£Ÿàÿ¨ÿØ ŸÖÿ≥ÿßÿ≠ÿ© ÿßŸÑÿØÿßÿ¶ÿ±ÿ©&nbsp;,1,image and text,1,MCQ,1428916,,1428917,0,12/16/25 6:04,12/16/25 6:04,22,1,557612,0,12/11/25 10:35,12/11/25 10:35,12/16/25 6:04,1,,,,,,,,,,,
mcq15193939,mcq,TEAM_EXERCISE,342120,course session,14796,70690,,,148837,0,1,1,647426,has correct answer,367083,ÿ£Ÿàÿ¨ÿØ ŸÖÿ≥ÿßÿ≠ÿ© ÿßŸÑÿØÿßÿ¶ÿ±ÿ©&nbsp;,1,image and text,1,MCQ,1428917,,1428917,1,12/16/25 6:05,12/16/25 6:06,98,6,557612,0,12/11/25 10:35,12/11/25 10:35,12/16/25 6:06,1,,,,,,,,,,,
mcq15193868,mcq,TEAM_EXERCISE,342120,course session,14796,70690,,,148837,0,1,1,647404,has correct answer,367083,ÿ£Ÿàÿ¨ÿØ ŸÖÿ≥ÿßÿ≠ÿ© ÿßŸÑÿØÿßÿ¶ÿ±ÿ©&nbsp;,1,image and text,1,MCQ,1428917,,1428917,1,12/16/25 6:04,12/16/25 6:05,48,2,557612,0,12/11/25 10:35,12/11/25 10:35,12/16/25 6:05,1,,,,,,,,,,,
mcq15193841,mcq,TEAM_EXERCISE,342120,course session,14796,70690,,,148837,0,1,1,647306,has correct answer,367083,ÿ£Ÿàÿ¨ÿØ ŸÖÿ≥ÿßÿ≠ÿ© ÿßŸÑÿØÿßÿ¶ÿ±ÿ©&nbsp;,1,image and text,1,MCQ,1428916,,1428917,0,12/16/25 6:05,12/16/25 6:06,49,1,557612,0,12/11/25 10:35,12/11/25 10:35,12/16/25 6:06,1,,,,,,,,,,,
mcq15194266,mcq,TEAM_EXERCISE,342120,course session,14796,70690,,,148837,0,1,1,652933,has correct answer,367083,ÿ£Ÿàÿ¨ÿØ ŸÖÿ≥ÿßÿ≠ÿ© ÿßŸÑÿØÿßÿ¶ÿ±ÿ©&nbsp;,1,image and text,1,MCQ,1428915,,1428917,0,12/16/25 6:08,12/16/25 6:08,4,1,557612,0,12/11/25 10:35,12/11/25 10:35,12/16/25 6:08,1,,,,,,,,,,,
mcq15193714,mcq,TEAM_EXERCISE,342120,course session,14796,70690,,,148837,0,1,1,652934,has correct answer,367083,ÿ£Ÿàÿ¨ÿØ ŸÖÿ≥ÿßÿ≠ÿ© ÿßŸÑÿØÿßÿ¶ÿ±ÿ©&nbsp;,1,image and text,1,MCQ,1428916,,1428917,0,12/16/25 6:04,12/16/25 6:04,11,1,557612,0,12/11/25 10:35,12/11/25 10:35,12/16/25 6:04,1,,,,,,,,,,,
mcq15193778,mcq,TEAM_EXERCISE,342120,course session,14796,70690,,,148837,0,1,1,652958,has correct answer,367083,ÿ£Ÿàÿ¨ÿØ ŸÖÿ≥ÿßÿ≠ÿ© ÿßŸÑÿØÿßÿ¶ÿ±ÿ©&nbsp;,1,image and text,1,MCQ,1428915,,1428917,0,12/16/25 6:04,12/16/25 6:05,12,1,557612,0,12/11/25 10:35,12/11/25 10:35,12/16/25 6:05,1,,,,,,,,,,,
mcq15193782,mcq,TEAM_EXERCISE,342120,course session,14796,70690,,,148837,0,1,1,651452,has correct answer,367083,ÿ£Ÿàÿ¨ÿØ ŸÖÿ≥ÿßÿ≠ÿ© ÿßŸÑÿØÿßÿ¶ÿ±ÿ©&nbsp;,1,image and text,1,MCQ,1428915,,1428917,0,12/16/25 6:04,12/16/25 6:05,13,1,557612,0,12/11/25 10:35,12/11/25 10:35,12/16/25 6:05,1,,,,,,,,,,,
mcq15193732,mcq,TEAM_EXERCISE,342120,course session,14796,70690,,,148837,0,1,1,648959,has correct answer,367083,ÿ£Ÿàÿ¨ÿØ ŸÖÿ≥ÿßÿ≠ÿ© ÿßŸÑÿØÿßÿ¶ÿ±ÿ©&nbsp;,1,image and text,1,MCQ,1428915,,1428917,0,12/16/25 6:04,12/16/25 6:04,6,1,557612,0,12/11/25 10:35,12/11/25 10:35,12/16/25 6:04,1,,,,,,,,,,,
mcq15193927,mcq,TEAM_EXERCISE,342120,course session,14796,70690,,,148837,0,1,1,648953,has correct answer,367083,ÿ£Ÿàÿ¨ÿØ ŸÖÿ≥ÿßÿ≠ÿ© ÿßŸÑÿØÿßÿ¶ÿ±ÿ©&nbsp;,1,image and text,1,MCQ,1428915,,1428917,0,12/16/25 6:06,12/16/25 6:06,2,1,557612,0,12/11/25 10:35,12/11/25 10:35,12/16/25 6:06,1,,,,,,,,,,,
mcq15193794,mcq,TEAM_EXERCISE,342120,course session,14796,70690,,,148837,0,1,1,647496,has correct answer,367083,ÿ£Ÿàÿ¨ÿØ ŸÖÿ≥ÿßÿ≠ÿ© ÿßŸÑÿØÿßÿ¶ÿ±ÿ©&nbsp;,1,image and text,1,MCQ,1428914,,1428917,0,12/16/25 6:04,12/16/25 6:05,28,1,557612,0,12/11/25 10:35,12/11/25 10:35,12/16/25 6:05,1,,,,,,,,,,,
mcq15193756,mcq,TEAM_EXERCISE,342120,course session,14796,70690,,,148837,0,1,1,647411,has correct answer,367083,ÿ£Ÿàÿ¨ÿØ ŸÖÿ≥ÿßÿ≠ÿ© ÿßŸÑÿØÿßÿ¶ÿ±ÿ©&nbsp;,1,image and text,1,MCQ,1428914,,1428917,0,12/16/25 6:04,12/16/25 6:05,72,1,557612,0,12/11/25 10:35,12/11/25 10:35,12/16/25 6:05,1,,,,,,,,,,,
mcq15193763,mcq,TEAM_EXERCISE,342120,course session,14796,70690,,,148837,0,1,1,657525,has correct answer,367083,ÿ£Ÿàÿ¨ÿØ ŸÖÿ≥ÿßÿ≠ÿ© ÿßŸÑÿØÿßÿ¶ÿ±ÿ©&nbsp;,1,image and text,1,MCQ,1428914,,1428917,0,12/16/25 6:04,12/16/25 6:05,27,1,557612,0,12/11/25 10:35,12/11/25 10:35,12/16/25 6:05,1,,,,,,,,,,,
mcq15194040,mcq,TEAM_EXERCISE,342120,course session,14796,70690,,,148837,0,1,1,647739,has correct answer,367083,ÿ£Ÿàÿ¨ÿØ ŸÖÿ≥ÿßÿ≠ÿ© ÿßŸÑÿØÿßÿ¶ÿ±ÿ©&nbsp;,1,image and text,1,MCQ,1428916,,1428917,0,12/16/25 6:07,12/16/25 6:08,74,1,557612,0,12/11/25 10:35,12/11/25 10:35,12/16/25 6:08,1,,,,,,,,,,,
mcq15193770,mcq,TEAM_EXERCISE,342120,course session,14796,70690,,,148837,0,1,1,647433,has correct answer,367083,ÿ£Ÿàÿ¨ÿØ ŸÖÿ≥ÿßÿ≠ÿ© ÿßŸÑÿØÿßÿ¶ÿ±ÿ©&nbsp;,1,image and text,1,MCQ,1428914,,1428917,0,12/16/25 6:04,12/16/25 6:06,80,1,557612,0,12/11/25 10:35,12/11/25 10:35,12/16/25 6:06,1,,,,,,,,,,,
mcq15193700,mcq,TEAM_EXERCISE,342120,course session,14796,70690,,,148837,0,1,1,652940,has correct answer,367083,ÿ£Ÿàÿ¨ÿØ ŸÖÿ≥ÿßÿ≠ÿ© ÿßŸÑÿØÿßÿ¶ÿ±ÿ©&nbsp;,1,image and text,1,MCQ,1428914,,1428917,0,12/16/25 6:04,12/16/25 6:04,12,1,557612,0,12/11/25 10:35,12/11/25 10:35,12/16/25 6:04,1,,,,,,,,,,,
mcq15189312,mcq,SECTION_CHECK,342127,course session,14796,70690,,,148841,0,1,1,647748,has correct answer,323256,ÿ£Ÿàÿ¨ÿØ ŸÖÿ≠Ÿäÿ∑ ÿßŸÑŸÖÿ´ŸÑÿ´ ÿü,1,image and text,0,MCQ,1265054,,1265052,0,12/16/25 5:38,12/16/25 5:39,60,4,557612,0,12/11/25 10:35,12/11/25 10:35,12/16/25 5:39,1,,,,,,,,,,,
mcq15189225,mcq,SECTION_CHECK,342127,course session,14796,70690,,,148841,0,1,1,647496,has correct answer,323256,ÿ£Ÿàÿ¨ÿØ ŸÖÿ≠Ÿäÿ∑ ÿßŸÑŸÖÿ´ŸÑÿ´ ÿü,1,image and text,0,MCQ,1265052,,1265052,1,12/16/25 5:38,12/16/25 5:39,60,1,557612,0,12/11/25 10:35,12/11/25 10:35,12/16/25 5:39,1,,,,,,,,,,,
mcq15189227,mcq,SECTION_CHECK,342127,course session,14796,70690,,,148841,0,0,0,652938,has correct answer,323256,ÿ£Ÿàÿ¨ÿØ ŸÖÿ≠Ÿäÿ∑ ÿßŸÑŸÖÿ´ŸÑÿ´ ÿü,1,image and text,0,MCQ,-1,,1265052,,12/16/25 5:38,12/16/25 5:38,,0,557612,0,12/11/25 10:35,12/11/25 10:35,,1,,,,,,,,,,,
mcq15189238,mcq,SECTION_CHECK,342127,course session,14796,70690,,,148841,0,1,1,647504,has correct answer,323256,ÿ£Ÿàÿ¨ÿØ ŸÖÿ≠Ÿäÿ∑ ÿßŸÑŸÖÿ´ŸÑÿ´ ÿü,1,image and text,0,MCQ,1265053,,1265052,0,12/16/25 5:38,12/16/25 5:39,60,1,557612,0,12/11/25 10:35,12/11/25 10:35,12/16/25 5:39,1,,,,,,,,,,,
mcq15189315,mcq,SECTION_CHECK,342127,course session,14796,70690,,,148841,0,1,1,648986,has correct answer,323256,ÿ£Ÿàÿ¨ÿØ ŸÖÿ≠Ÿäÿ∑ ÿßŸÑŸÖÿ´ŸÑÿ´ ÿü,1,image and text,0,MCQ,1265051,,1265052,0,12/16/25 5:38,12/16/25 5:39,60,2,557612,0,12/11/25 10:35,12/11/25 10:35,12/16/25 5:39,1,,,,,,,,,,,
mcq15189319,mcq,SECTION_CHECK,342127,course session,14796,70690,,,148841,0,1,1,648959,has correct answer,323256,ÿ£Ÿàÿ¨ÿØ ŸÖÿ≠Ÿäÿ∑ ÿßŸÑŸÖÿ´ŸÑÿ´ ÿü,1,image and text,0,MCQ,1265051,,1265052,0,12/16/25 5:38,12/16/25 5:39,60,4,557612,0,12/11/25 10:35,12/11/25 10:35,12/16/25 5:39,1,,,,,,,,,,,
mcq15189228,mcq,SECTION_CHECK,342127,course session,14796,70690,,,148841,0,0,0,647404,has correct answer,323256,ÿ£Ÿàÿ¨ÿØ ŸÖÿ≠Ÿäÿ∑ ÿßŸÑŸÖÿ´ŸÑÿ´ ÿü,1,image and text,0,MCQ,-1,,1265052,,12/16/25 5:38,12/16/25 5:38,,0,557612,0,12/11/25 10:35,12/11/25 10:35,,1,,,,,,,,,,,
mcq15189229,mcq,SECTION_CHECK,342127,course session,14796,70690,,,148841,0,0,0,652929,has correct answer,323256,ÿ£Ÿàÿ¨ÿØ ŸÖÿ≠Ÿäÿ∑ ÿßŸÑŸÖÿ´ŸÑÿ´ ÿü,1,image and text,0,MCQ,-1,,1265052,,12/16/25 5:38,12/16/25 5:38,,0,557612,0,12/11/25 10:35,12/11/25 10:35,,1,,,,,,,,,,,
mcq15189233,mcq,SECTION_CHECK,342127,course session,14796,70690,,,148841,0,0,0,648953,has correct answer,323256,ÿ£Ÿàÿ¨ÿØ ŸÖÿ≠Ÿäÿ∑ ÿßŸÑŸÖÿ´ŸÑÿ´ ÿü,1,image and text,0,MCQ,-1,,1265052,,12/16/25 5:38,12/16/25 5:38,,0,557612,0,12/11/25 10:35,12/11/25 10:35,,1,,,,,,,,,,,
mcq15189236,mcq,SECTION_CHECK,342127,course session,14796,70690,,,148841,0,0,0,647295,has correct answer,323256,ÿ£Ÿàÿ¨ÿØ ŸÖÿ≠Ÿäÿ∑ ÿßŸÑŸÖÿ´ŸÑÿ´ ÿü,1,image and text,0,MCQ,-1,,1265052,,12/16/25 5:38,12/16/25 5:38,,0,557612,0,12/11/25 10:35,12/11/25 10:35,,1,,,,,,,,,,,
mcq15189317,mcq,SECTION_CHECK,342127,course session,14796,70690,,,148841,0,1,1,647499,has correct answer,323256,ÿ£Ÿàÿ¨ÿØ ŸÖÿ≠Ÿäÿ∑ ÿßŸÑŸÖÿ´ŸÑÿ´ ÿü,1,image and text,0,MCQ,1265054,,1265052,0,12/16/25 5:38,12/16/25 5:39,60,3,557612,0,12/11/25 10:35,12/11/25 10:35,12/16/25 5:39,1,,,,,,,,,,,
mcq15189230,mcq,SECTION_CHECK,342127,course session,14796,70690,,,148841,0,1,1,647426,has correct answer,323256,ÿ£Ÿàÿ¨ÿØ ŸÖÿ≠Ÿäÿ∑ ÿßŸÑŸÖÿ´ŸÑÿ´ ÿü,1,image and text,0,MCQ,1265053,,1265052,0,12/16/25 5:38,12/16/25 5:39,60,1,557612,0,12/11/25 10:35,12/11/25 10:35,12/16/25 5:39,1,,,,,,,,,,,
mcq15189224,mcq,SECTION_CHECK,342127,course session,14796,70690,,,148841,0,1,1,647433,has correct answer,323256,ÿ£Ÿàÿ¨ÿØ ŸÖÿ≠Ÿäÿ∑ ÿßŸÑŸÖÿ´ŸÑÿ´ ÿü,1,image and text,0,MCQ,1265052,,1265052,1,12/16/25 5:38,12/16/25 5:39,60,1,557612,0,12/11/25 10:35,12/11/25 10:35,12/16/25 5:39,1,,,,,,,,,,,
mcq15189318,mcq,SECTION_CHECK,342127,course session,14796,70690,,,148841,0,1,1,647411,has correct answer,323256,ÿ£Ÿàÿ¨ÿØ ŸÖÿ≠Ÿäÿ∑ ÿßŸÑŸÖÿ´ŸÑÿ´ ÿü,1,image and text,0,MCQ,1265052,,1265052,1,12/16/25 5:38,12/16/25 5:39,60,4,557612,0,12/11/25 10:35,12/11/25 10:35,12/16/25 5:39,1,,,,,,,,,,,
mcq15189235,mcq,SECTION_CHECK,342127,course session,14796,70690,,,148841,0,1,1,651452,has correct answer,323256,ÿ£Ÿàÿ¨ÿØ ŸÖÿ≠Ÿäÿ∑ ÿßŸÑŸÖÿ´ŸÑÿ´ ÿü,1,image and text,0,MCQ,1265053,,1265052,0,12/16/25 5:38,12/16/25 5:39,60,1,557612,0,12/11/25 10:35,12/11/25 10:35,12/16/25 5:39,1,,,,,,,,,,,
mcq15189232,mcq,SECTION_CHECK,342127,course session,14796,70690,,,148841,0,1,1,652934,has correct answer,323256,ÿ£Ÿàÿ¨ÿØ ŸÖÿ≠Ÿäÿ∑ ÿßŸÑŸÖÿ´ŸÑÿ´ ÿü,1,image and text,0,MCQ,1265054,,1265052,0,12/16/25 5:38,12/16/25 5:39,60,1,557612,0,12/11/25 10:35,12/11/25 10:35,12/16/25 5:39,1,,,,,,,,,,,
mcq15189313,mcq,SECTION_CHECK,342127,course session,14796,70690,,,148841,0,1,1,657525,has correct answer,323256,ÿ£Ÿàÿ¨ÿØ ŸÖÿ≠Ÿäÿ∑ ÿßŸÑŸÖÿ´ŸÑÿ´ ÿü,1,image and text,0,MCQ,1265054,,1265052,0,12/16/25 5:38,12/16/25 5:39,60,8,557612,0,12/11/25 10:35,12/11/25 10:35,12/16/25 5:39,1,,,,,,,,,,,
mcq15192083,mcq,SECTION_CHECK,342124,course session,14796,70690,,,148838,0,1,1,652958,has correct answer,322117,ŸÅŸä ÿßŸÑÿ¥ŸÉŸÑ ÿßŸÑŸÖÿ¨ÿßŸàÿ±:ŸÖÿ≥ÿ™ÿ∑ŸäŸÑ ŸÖÿ≠Ÿäÿ∑Ÿá Ÿ¢Ÿ† ÿå ŸàŸÖÿ≥ÿßÿ≠ÿ™Ÿá Ÿ¢Ÿ§ Ÿàÿ¨ŸÖŸäÿπ ÿßŸÑÿØŸàÿßÿ¶ÿ± ŸÖÿ™ÿ∑ÿßÿ®ŸÇÿ© ÿå ÿßŸàÿ¨ÿØ ÿ∑ŸàŸÑ ŸÇÿ∑ÿ± ÿßŸÑÿØÿßÿ¶ÿ±ÿ© ÿü,1,image and text,0,MCQ,1260594,,1260592,0,12/16/25 5:58,12/16/25 5:58,34,1,557612,0,12/11/25 10:35,12/11/25 10:35,12/16/25 5:58,1,,,,,,,,,,,
mcq15191981,mcq,SECTION_CHECK,342124,course session,14796,70690,,,148838,0,0,0,652938,has correct answer,322117,ŸÅŸä ÿßŸÑÿ¥ŸÉŸÑ ÿßŸÑŸÖÿ¨ÿßŸàÿ±:ŸÖÿ≥ÿ™ÿ∑ŸäŸÑ ŸÖÿ≠Ÿäÿ∑Ÿá Ÿ¢Ÿ† ÿå ŸàŸÖÿ≥ÿßÿ≠ÿ™Ÿá Ÿ¢Ÿ§ Ÿàÿ¨ŸÖŸäÿπ ÿßŸÑÿØŸàÿßÿ¶ÿ± ŸÖÿ™ÿ∑ÿßÿ®ŸÇÿ© ÿå ÿßŸàÿ¨ÿØ ÿ∑ŸàŸÑ ŸÇÿ∑ÿ± ÿßŸÑÿØÿßÿ¶ÿ±ÿ© ÿü,1,image and text,0,MCQ,-1,,1260592,,12/16/25 5:58,12/16/25 5:58,,0,557612,0,12/11/25 10:35,12/11/25 10:35,,1,,,,,,,,,,,
mcq15191996,mcq,SECTION_CHECK,342124,course session,14796,70690,,,148838,0,1,1,657525,has correct answer,322117,ŸÅŸä ÿßŸÑÿ¥ŸÉŸÑ ÿßŸÑŸÖÿ¨ÿßŸàÿ±:ŸÖÿ≥ÿ™ÿ∑ŸäŸÑ ŸÖÿ≠Ÿäÿ∑Ÿá Ÿ¢Ÿ† ÿå ŸàŸÖÿ≥ÿßÿ≠ÿ™Ÿá Ÿ¢Ÿ§ Ÿàÿ¨ŸÖŸäÿπ ÿßŸÑÿØŸàÿßÿ¶ÿ± ŸÖÿ™ÿ∑ÿßÿ®ŸÇÿ© ÿå ÿßŸàÿ¨ÿØ ÿ∑ŸàŸÑ ŸÇÿ∑ÿ± ÿßŸÑÿØÿßÿ¶ÿ±ÿ© ÿü,1,image and text,0,MCQ,1260593,,1260592,0,12/16/25 5:58,12/16/25 5:58,60,1,557612,0,12/11/25 10:35,12/11/25 10:35,12/16/25 5:58,1,,,,,,,,,,,
mcq15191994,mcq,SECTION_CHECK,342124,course session,14796,70690,,,148838,0,1,1,648959,has correct answer,322117,ŸÅŸä ÿßŸÑÿ¥ŸÉŸÑ ÿßŸÑŸÖÿ¨ÿßŸàÿ±:ŸÖÿ≥ÿ™ÿ∑ŸäŸÑ ŸÖÿ≠Ÿäÿ∑Ÿá Ÿ¢Ÿ† ÿå ŸàŸÖÿ≥ÿßÿ≠ÿ™Ÿá Ÿ¢Ÿ§ Ÿàÿ¨ŸÖŸäÿπ ÿßŸÑÿØŸàÿßÿ¶ÿ± ŸÖÿ™ÿ∑ÿßÿ®ŸÇÿ© ÿå ÿßŸàÿ¨ÿØ ÿ∑ŸàŸÑ ŸÇÿ∑ÿ± ÿßŸÑÿØÿßÿ¶ÿ±ÿ© ÿü,1,image and text,0,MCQ,1260592,,1260592,1,12/16/25 5:58,12/16/25 5:58,60,1,557612,0,12/11/25 10:35,12/11/25 10:35,12/16/25 5:58,1,,,,,,,,,,,
mcq15191993,mcq,SECTION_CHECK,342124,course session,14796,70690,,,148838,0,0,0,647295,has correct answer,322117,ŸÅŸä ÿßŸÑÿ¥ŸÉŸÑ ÿßŸÑŸÖÿ¨ÿßŸàÿ±:ŸÖÿ≥ÿ™ÿ∑ŸäŸÑ ŸÖÿ≠Ÿäÿ∑Ÿá Ÿ¢Ÿ† ÿå ŸàŸÖÿ≥ÿßÿ≠ÿ™Ÿá Ÿ¢Ÿ§ Ÿàÿ¨ŸÖŸäÿπ ÿßŸÑÿØŸàÿßÿ¶ÿ± ŸÖÿ™ÿ∑ÿßÿ®ŸÇÿ© ÿå ÿßŸàÿ¨ÿØ ÿ∑ŸàŸÑ ŸÇÿ∑ÿ± ÿßŸÑÿØÿßÿ¶ÿ±ÿ© ÿü,1,image and text,0,MCQ,-1,,1260592,,12/16/25 5:58,12/16/25 5:58,,0,557612,0,12/11/25 10:35,12/11/25 10:35,,1,,,,,,,,,,,
mcq15192006,mcq,SECTION_CHECK,342124,course session,14796,70690,,,148838,0,1,1,647306,has correct answer,322117,ŸÅŸä ÿßŸÑÿ¥ŸÉŸÑ ÿßŸÑŸÖÿ¨ÿßŸàÿ±:ŸÖÿ≥ÿ™ÿ∑ŸäŸÑ ŸÖÿ≠Ÿäÿ∑Ÿá Ÿ¢Ÿ† ÿå ŸàŸÖÿ≥ÿßÿ≠ÿ™Ÿá Ÿ¢Ÿ§ Ÿàÿ¨ŸÖŸäÿπ ÿßŸÑÿØŸàÿßÿ¶ÿ± ŸÖÿ™ÿ∑ÿßÿ®ŸÇÿ© ÿå ÿßŸàÿ¨ÿØ ÿ∑ŸàŸÑ ŸÇÿ∑ÿ± ÿßŸÑÿØÿßÿ¶ÿ±ÿ© ÿü,1,image and text,0,MCQ,1260592,,1260592,1,12/16/25 5:58,12/16/25 5:58,60,2,557612,0,12/11/25 10:35,12/11/25 10:35,12/16/25 5:58,1,,,,,,,,,,,
mcq15191985,mcq,SECTION_CHECK,342124,course session,14796,70690,,,148838,0,1,1,647426,has correct answer,322117,ŸÅŸä ÿßŸÑÿ¥ŸÉŸÑ ÿßŸÑŸÖÿ¨ÿßŸàÿ±:ŸÖÿ≥ÿ™ÿ∑ŸäŸÑ ŸÖÿ≠Ÿäÿ∑Ÿá Ÿ¢Ÿ† ÿå ŸàŸÖÿ≥ÿßÿ≠ÿ™Ÿá Ÿ¢Ÿ§ Ÿàÿ¨ŸÖŸäÿπ ÿßŸÑÿØŸàÿßÿ¶ÿ± ŸÖÿ™ÿ∑ÿßÿ®ŸÇÿ© ÿå ÿßŸàÿ¨ÿØ ÿ∑ŸàŸÑ ŸÇÿ∑ÿ± ÿßŸÑÿØÿßÿ¶ÿ±ÿ© ÿü,1,image and text,0,MCQ,1260592,,1260592,1,12/16/25 5:58,12/16/25 5:58,60,1,557612,0,12/11/25 10:35,12/11/25 10:35,12/16/25 5:58,1,,,,,,,,,,,
mcq15191995,mcq,SECTION_CHECK,342124,course session,14796,70690,,,148838,0,1,1,647411,has correct answer,322117,ŸÅŸä ÿßŸÑÿ¥ŸÉŸÑ ÿßŸÑŸÖÿ¨ÿßŸàÿ±:ŸÖÿ≥ÿ™ÿ∑ŸäŸÑ ŸÖÿ≠Ÿäÿ∑Ÿá Ÿ¢Ÿ† ÿå ŸàŸÖÿ≥ÿßÿ≠ÿ™Ÿá Ÿ¢Ÿ§ Ÿàÿ¨ŸÖŸäÿπ ÿßŸÑÿØŸàÿßÿ¶ÿ± ŸÖÿ™ÿ∑ÿßÿ®ŸÇÿ© ÿå ÿßŸàÿ¨ÿØ ÿ∑ŸàŸÑ ŸÇÿ∑ÿ± ÿßŸÑÿØÿßÿ¶ÿ±ÿ© ÿü,1,image and text,0,MCQ,1260592,,1260592,1,12/16/25 5:58,12/16/25 5:58,60,1,557612,0,12/11/25 10:35,12/11/25 10:35,12/16/25 5:58,1,,,,,,,,,,,
mcq15191992,mcq,SECTION_CHECK,342124,course session,14796,70690,,,148838,0,1,1,651452,has correct answer,322117,ŸÅŸä ÿßŸÑÿ¥ŸÉŸÑ ÿßŸÑŸÖÿ¨ÿßŸàÿ±:ŸÖÿ≥ÿ™ÿ∑ŸäŸÑ ŸÖÿ≠Ÿäÿ∑Ÿá Ÿ¢Ÿ† ÿå ŸàŸÖÿ≥ÿßÿ≠ÿ™Ÿá Ÿ¢Ÿ§ Ÿàÿ¨ŸÖŸäÿπ ÿßŸÑÿØŸàÿßÿ¶ÿ± ŸÖÿ™ÿ∑ÿßÿ®ŸÇÿ© ÿå ÿßŸàÿ¨ÿØ ÿ∑ŸàŸÑ ŸÇÿ∑ÿ± ÿßŸÑÿØÿßÿ¶ÿ±ÿ© ÿü,1,image and text,0,MCQ,1260592,,1260592,1,12/16/25 5:58,12/16/25 5:58,60,1,557612,0,12/11/25 10:35,12/11/25 10:35,12/16/25 5:58,1,,,,,,,,,,,
mcq15191984,mcq,SECTION_CHECK,342124,course session,14796,70690,,,148838,0,0,0,652929,has correct answer,322117,ŸÅŸä ÿßŸÑÿ¥ŸÉŸÑ ÿßŸÑŸÖÿ¨ÿßŸàÿ±:ŸÖÿ≥ÿ™ÿ∑ŸäŸÑ ŸÖÿ≠Ÿäÿ∑Ÿá Ÿ¢Ÿ† ÿå ŸàŸÖÿ≥ÿßÿ≠ÿ™Ÿá Ÿ¢Ÿ§ Ÿàÿ¨ŸÖŸäÿπ ÿßŸÑÿØŸàÿßÿ¶ÿ± ŸÖÿ™ÿ∑ÿßÿ®ŸÇÿ© ÿå ÿßŸàÿ¨ÿØ ÿ∑ŸàŸÑ ŸÇÿ∑ÿ± ÿßŸÑÿØÿßÿ¶ÿ±ÿ© ÿü,1,image and text,0,MCQ,-1,,1260592,,12/16/25 5:58,12/16/25 5:58,,0,557612,0,12/11/25 10:35,12/11/25 10:35,,1,,,,,,,,,,,
mcq15191980,mcq,SECTION_CHECK,342124,course session,14796,70690,,,148838,0,1,1,647499,has correct answer,322117,ŸÅŸä ÿßŸÑÿ¥ŸÉŸÑ ÿßŸÑŸÖÿ¨ÿßŸàÿ±:ŸÖÿ≥ÿ™ÿ∑ŸäŸÑ ŸÖÿ≠Ÿäÿ∑Ÿá Ÿ¢Ÿ† ÿå ŸàŸÖÿ≥ÿßÿ≠ÿ™Ÿá Ÿ¢Ÿ§ Ÿàÿ¨ŸÖŸäÿπ ÿßŸÑÿØŸàÿßÿ¶ÿ± ŸÖÿ™ÿ∑ÿßÿ®ŸÇÿ© ÿå ÿßŸàÿ¨ÿØ ÿ∑ŸàŸÑ ŸÇÿ∑ÿ± ÿßŸÑÿØÿßÿ¶ÿ±ÿ© ÿü,1,image and text,0,MCQ,1260592,,1260592,1,12/16/25 5:58,12/16/25 5:58,60,1,557612,0,12/11/25 10:35,12/11/25 10:35,12/16/25 5:58,1,,,,,,,,,,,
mcq15191988,mcq,SECTION_CHECK,342124,course session,14796,70690,,,148838,0,0,0,648986,has correct answer,322117,ŸÅŸä ÿßŸÑÿ¥ŸÉŸÑ ÿßŸÑŸÖÿ¨ÿßŸàÿ±:ŸÖÿ≥ÿ™ÿ∑ŸäŸÑ ŸÖÿ≠Ÿäÿ∑Ÿá Ÿ¢Ÿ† ÿå ŸàŸÖÿ≥ÿßÿ≠ÿ™Ÿá Ÿ¢Ÿ§ Ÿàÿ¨ŸÖŸäÿπ ÿßŸÑÿØŸàÿßÿ¶ÿ± ŸÖÿ™ÿ∑ÿßÿ®ŸÇÿ© ÿå ÿßŸàÿ¨ÿØ ÿ∑ŸàŸÑ ŸÇÿ∑ÿ± ÿßŸÑÿØÿßÿ¶ÿ±ÿ© ÿü,1,image and text,0,MCQ,-1,,1260592,,12/16/25 5:58,12/16/25 5:58,,0,557612,0,12/11/25 10:35,12/11/25 10:35,,1,,,,,,,,,,,
mcq15191983,mcq,SECTION_CHECK,342124,course session,14796,70690,,,148838,0,1,1,652940,has correct answer,322117,ŸÅŸä ÿßŸÑÿ¥ŸÉŸÑ ÿßŸÑŸÖÿ¨ÿßŸàÿ±:ŸÖÿ≥ÿ™ÿ∑ŸäŸÑ ŸÖÿ≠Ÿäÿ∑Ÿá Ÿ¢Ÿ† ÿå ŸàŸÖÿ≥ÿßÿ≠ÿ™Ÿá Ÿ¢Ÿ§ Ÿàÿ¨ŸÖŸäÿπ ÿßŸÑÿØŸàÿßÿ¶ÿ± ŸÖÿ™ÿ∑ÿßÿ®ŸÇÿ© ÿå ÿßŸàÿ¨ÿØ ÿ∑ŸàŸÑ ŸÇÿ∑ÿ± ÿßŸÑÿØÿßÿ¶ÿ±ÿ© ÿü,1,image and text,0,MCQ,1260594,,1260592,0,12/16/25 5:58,12/16/25 5:58,60,1,557612,0,12/11/25 10:35,12/11/25 10:35,12/16/25 5:58,1,,,,,,,,,,,
mcq15192257,mcq,SECTION_CHECK,342124,course session,14796,70690,,,148838,0,1,1,647748,has correct answer,322117,ŸÅŸä ÿßŸÑÿ¥ŸÉŸÑ ÿßŸÑŸÖÿ¨ÿßŸàÿ±:ŸÖÿ≥ÿ™ÿ∑ŸäŸÑ ŸÖÿ≠Ÿäÿ∑Ÿá Ÿ¢Ÿ† ÿå ŸàŸÖÿ≥ÿßÿ≠ÿ™Ÿá Ÿ¢Ÿ§ Ÿàÿ¨ŸÖŸäÿπ ÿßŸÑÿØŸàÿßÿ¶ÿ± ŸÖÿ™ÿ∑ÿßÿ®ŸÇÿ© ÿå ÿßŸàÿ¨ÿØ ÿ∑ŸàŸÑ ŸÇÿ∑ÿ± ÿßŸÑÿØÿßÿ¶ÿ±ÿ© ÿü,1,image and text,0,MCQ,1260592,,1260592,1,12/16/25 5:58,12/16/25 5:59,60,2,557612,0,12/11/25 10:35,12/11/25 10:35,12/16/25 5:59,1,,,,,,,,,,,
mcq15191989,mcq,SECTION_CHECK,342124,course session,14796,70690,,,148838,0,0,0,647504,has correct answer,322117,ŸÅŸä ÿßŸÑÿ¥ŸÉŸÑ ÿßŸÑŸÖÿ¨ÿßŸàÿ±:ŸÖÿ≥ÿ™ÿ∑ŸäŸÑ ŸÖÿ≠Ÿäÿ∑Ÿá Ÿ¢Ÿ† ÿå ŸàŸÖÿ≥ÿßÿ≠ÿ™Ÿá Ÿ¢Ÿ§ Ÿàÿ¨ŸÖŸäÿπ ÿßŸÑÿØŸàÿßÿ¶ÿ± ŸÖÿ™ÿ∑ÿßÿ®ŸÇÿ© ÿå ÿßŸàÿ¨ÿØ ÿ∑ŸàŸÑ ŸÇÿ∑ÿ± ÿßŸÑÿØÿßÿ¶ÿ±ÿ© ÿü,1,image and text,0,MCQ,-1,,1260592,,12/16/25 5:58,12/16/25 5:58,,0,557612,0,12/11/25 10:35,12/11/25 10:35,,1,,,,,,,,,,,
mcq15191990,mcq,SECTION_CHECK,342124,course session,14796,70690,,,148838,0,1,1,647404,has correct answer,322117,ŸÅŸä ÿßŸÑÿ¥ŸÉŸÑ ÿßŸÑŸÖÿ¨ÿßŸàÿ±:ŸÖÿ≥ÿ™ÿ∑ŸäŸÑ ŸÖÿ≠Ÿäÿ∑Ÿá Ÿ¢Ÿ† ÿå ŸàŸÖÿ≥ÿßÿ≠ÿ™Ÿá Ÿ¢Ÿ§ Ÿàÿ¨ŸÖŸäÿπ ÿßŸÑÿØŸàÿßÿ¶ÿ± ŸÖÿ™ÿ∑ÿßÿ®ŸÇÿ© ÿå ÿßŸàÿ¨ÿØ ÿ∑ŸàŸÑ ŸÇÿ∑ÿ± ÿßŸÑÿØÿßÿ¶ÿ±ÿ© ÿü,1,image and text,0,MCQ,1260592,,1260592,1,12/16/25 5:58,12/16/25 5:58,60,1,557612,0,12/11/25 10:35,12/11/25 10:35,12/16/25 5:58,1,,,,,,,,,,,
mcq15191987,mcq,SECTION_CHECK,342124,course session,14796,70690,,,148838,0,0,0,652934,has correct answer,322117,ŸÅŸä ÿßŸÑÿ¥ŸÉŸÑ ÿßŸÑŸÖÿ¨ÿßŸàÿ±:ŸÖÿ≥ÿ™ÿ∑ŸäŸÑ ŸÖÿ≠Ÿäÿ∑Ÿá Ÿ¢Ÿ† ÿå ŸàŸÖÿ≥ÿßÿ≠ÿ™Ÿá Ÿ¢Ÿ§ Ÿàÿ¨ŸÖŸäÿπ ÿßŸÑÿØŸàÿßÿ¶ÿ± ŸÖÿ™ÿ∑ÿßÿ®ŸÇÿ© ÿå ÿßŸàÿ¨ÿØ ÿ∑ŸàŸÑ ŸÇÿ∑ÿ± ÿßŸÑÿØÿßÿ¶ÿ±ÿ© ÿü,1,image and text,0,MCQ,-1,,1260592,,12/16/25 5:58,12/16/25 5:58,,0,557612,0,12/11/25 10:35,12/11/25 10:35,,1,,,,,,,,,,,
mcq15191978,mcq,SECTION_CHECK,342124,course session,14796,70690,,,148838,0,1,1,647433,has correct answer,322117,ŸÅŸä ÿßŸÑÿ¥ŸÉŸÑ ÿßŸÑŸÖÿ¨ÿßŸàÿ±:ŸÖÿ≥ÿ™ÿ∑ŸäŸÑ ŸÖÿ≠Ÿäÿ∑Ÿá Ÿ¢Ÿ† ÿå ŸàŸÖÿ≥ÿßÿ≠ÿ™Ÿá Ÿ¢Ÿ§ Ÿàÿ¨ŸÖŸäÿπ ÿßŸÑÿØŸàÿßÿ¶ÿ± ŸÖÿ™ÿ∑ÿßÿ®ŸÇÿ© ÿå ÿßŸàÿ¨ÿØ ÿ∑ŸàŸÑ ŸÇÿ∑ÿ± ÿßŸÑÿØÿßÿ¶ÿ±ÿ© ÿü,1,image and text,0,MCQ,1260594,,1260592,0,12/16/25 5:58,12/16/25 5:58,60,1,557612,0,12/11/25 10:35,12/11/25 10:35,12/16/25 5:58,1,,,,,,,,,,,
mcq15192238,mcq,SECTION_CHECK,342124,course session,14796,70690,,,148838,0,1,1,647496,has correct answer,322117,ŸÅŸä ÿßŸÑÿ¥ŸÉŸÑ ÿßŸÑŸÖÿ¨ÿßŸàÿ±:ŸÖÿ≥ÿ™ÿ∑ŸäŸÑ ŸÖÿ≠Ÿäÿ∑Ÿá Ÿ¢Ÿ† ÿå ŸàŸÖÿ≥ÿßÿ≠ÿ™Ÿá Ÿ¢Ÿ§ Ÿàÿ¨ŸÖŸäÿπ ÿßŸÑÿØŸàÿßÿ¶ÿ± ŸÖÿ™ÿ∑ÿßÿ®ŸÇÿ© ÿå ÿßŸàÿ¨ÿØ ÿ∑ŸàŸÑ ŸÇÿ∑ÿ± ÿßŸÑÿØÿßÿ¶ÿ±ÿ© ÿü,1,image and text,0,MCQ,1260592,,1260592,1,12/16/25 5:58,12/16/25 5:59,60,2,557612,0,12/11/25 10:35,12/11/25 10:35,12/16/25 5:59,1,,,,,,,,,,,
mcq15191991,mcq,SECTION_CHECK,342124,course session,14796,70690,,,148838,0,1,1,648953,has correct answer,322117,ŸÅŸä ÿßŸÑÿ¥ŸÉŸÑ ÿßŸÑŸÖÿ¨ÿßŸàÿ±:ŸÖÿ≥ÿ™ÿ∑ŸäŸÑ ŸÖÿ≠Ÿäÿ∑Ÿá Ÿ¢Ÿ† ÿå ŸàŸÖÿ≥ÿßÿ≠ÿ™Ÿá Ÿ¢Ÿ§ Ÿàÿ¨ŸÖŸäÿπ ÿßŸÑÿØŸàÿßÿ¶ÿ± ŸÖÿ™ÿ∑ÿßÿ®ŸÇÿ© ÿå ÿßŸàÿ¨ÿØ ÿ∑ŸàŸÑ ŸÇÿ∑ÿ± ÿßŸÑÿØÿßÿ¶ÿ±ÿ© ÿü,1,image and text,0,MCQ,1260592,,1260592,1,12/16/25 5:58,12/16/25 5:58,60,1,557612,0,12/11/25 10:35,12/11/25 10:35,12/16/25 5:58,1,,,,,,,,,,,
mcq15195832,mcq,EXIT_TICKET,342117,course session,14796,70690,,,148836,0,1,1,648959,has correct answer,321509,ŸÖÿß ŸÖÿ≠Ÿäÿ∑ ÿßŸÑÿØÿßÿ¶ÿ±ÿ©ÿü,1,image and text,0,MCQ,1258257,,1258257,1,12/16/25 6:14,12/16/25 6:16,105,1,557612,0,12/11/25 10:35,12/11/25 10:35,12/16/25 6:16,1,,,,,,,,,,,
mcq15195935,mcq,EXIT_TICKET,342117,course session,14796,70690,,,148836,0,1,1,648951,has correct answer,321509,ŸÖÿß ŸÖÿ≠Ÿäÿ∑ ÿßŸÑÿØÿßÿ¶ÿ±ÿ©ÿü,1,image and text,0,MCQ,1258258,,1258257,0,12/16/25 6:15,12/16/25 6:15,15,1,557612,0,12/11/25 10:35,12/11/25 10:35,12/16/25 6:15,1,,,,,,,,,,,
mcq15196020,mcq,EXIT_TICKET,342117,course session,14796,70690,,,148836,0,1,1,648986,has correct answer,321509,ŸÖÿß ŸÖÿ≠Ÿäÿ∑ ÿßŸÑÿØÿßÿ¶ÿ±ÿ©ÿü,1,image and text,0,MCQ,1258258,,1258257,0,12/16/25 6:18,12/16/25 6:18,2,2,557612,0,12/11/25 10:35,12/11/25 10:35,12/16/25 6:18,1,,,,,,,,,,,
mcq15195926,mcq,EXIT_TICKET,342117,course session,14796,70690,,,148836,0,1,1,648953,has correct answer,321509,ŸÖÿß ŸÖÿ≠Ÿäÿ∑ ÿßŸÑÿØÿßÿ¶ÿ±ÿ©ÿü,1,image and text,0,MCQ,1258259,,1258257,0,12/16/25 6:15,12/16/25 6:15,1,1,557612,0,12/11/25 10:35,12/11/25 10:35,12/16/25 6:15,1,,,,,,,,,,,
mcq15195823,mcq,EXIT_TICKET,342117,course session,14796,70690,,,148836,0,1,1,652934,has correct answer,321509,ŸÖÿß ŸÖÿ≠Ÿäÿ∑ ÿßŸÑÿØÿßÿ¶ÿ±ÿ©ÿü,1,image and text,0,MCQ,1258257,,1258257,1,12/16/25 6:14,12/16/25 6:14,4,1,557612,0,12/11/25 10:35,12/11/25 10:35,12/16/25 6:14,1,,,,,,,,,,,
mcq15195877,mcq,EXIT_TICKET,342117,course session,14796,70690,,,148836,0,1,1,647426,has correct answer,321509,ŸÖÿß ŸÖÿ≠Ÿäÿ∑ ÿßŸÑÿØÿßÿ¶ÿ±ÿ©ÿü,1,image and text,0,MCQ,1258257,,1258257,1,12/16/25 6:14,12/16/25 6:15,15,4,557612,0,12/11/25 10:35,12/11/25 10:35,12/16/25 6:15,1,,,,,,,,,,,
mcq15195952,mcq,EXIT_TICKET,342117,course session,14796,70690,,,148836,0,1,1,647496,has correct answer,321509,ŸÖÿß ŸÖÿ≠Ÿäÿ∑ ÿßŸÑÿØÿßÿ¶ÿ±ÿ©ÿü,1,image and text,0,MCQ,1258257,,1258257,1,12/16/25 6:15,12/16/25 6:16,43,1,557612,0,12/11/25 10:35,12/11/25 10:35,12/16/25 6:16,1,,,,,,,,,,,
mcq15195816,mcq,EXIT_TICKET,342117,course session,14796,70690,,,148836,0,1,1,647499,has correct answer,321509,ŸÖÿß ŸÖÿ≠Ÿäÿ∑ ÿßŸÑÿØÿßÿ¶ÿ±ÿ©ÿü,1,image and text,0,MCQ,1258257,,1258257,1,12/16/25 6:14,12/16/25 6:15,33,1,557612,0,12/11/25 10:35,12/11/25 10:35,12/16/25 6:15,1,,,,,,,,,,,
mcq15195819,mcq,EXIT_TICKET,342117,course session,14796,70690,,,148836,0,0,0,652929,has correct answer,321509,ŸÖÿß ŸÖÿ≠Ÿäÿ∑ ÿßŸÑÿØÿßÿ¶ÿ±ÿ©ÿü,1,image and text,0,MCQ,-1,,1258257,,12/16/25 6:14,12/16/25 6:14,,0,557612,0,12/11/25 10:35,12/11/25 10:35,,1,,,,,,,,,,,
mcq15195849,mcq,EXIT_TICKET,342117,course session,14796,70690,,,148836,0,1,1,647404,has correct answer,321509,ŸÖÿß ŸÖÿ≠Ÿäÿ∑ ÿßŸÑÿØÿßÿ¶ÿ±ÿ©ÿü,1,image and text,0,MCQ,1258260,,1258257,0,12/16/25 6:14,12/16/25 6:14,9,1,557612,0,12/11/25 10:35,12/11/25 10:35,12/16/25 6:14,1,,,,,,,,,,,
mcq15195829,mcq,EXIT_TICKET,342117,course session,14796,70690,,,148836,0,1,1,647739,has correct answer,321509,ŸÖÿß ŸÖÿ≠Ÿäÿ∑ ÿßŸÑÿØÿßÿ¶ÿ±ÿ©ÿü,1,image and text,0,MCQ,1258260,,1258257,0,12/16/25 6:14,12/16/25 6:15,65,1,557612,0,12/11/25 10:35,12/11/25 10:35,12/16/25 6:15,1,,,,,,,,,,,
mcq15195864,mcq,EXIT_TICKET,342117,course session,14796,70690,,,148836,0,1,1,647748,has correct answer,321509,ŸÖÿß ŸÖÿ≠Ÿäÿ∑ ÿßŸÑÿØÿßÿ¶ÿ±ÿ©ÿü,1,image and text,0,MCQ,1258257,,1258257,1,12/16/25 6:14,12/16/25 6:15,27,1,557612,0,12/11/25 10:35,12/11/25 10:35,12/16/25 6:15,1,,,,,,,,,,,
mcq15195825,mcq,EXIT_TICKET,342117,course session,14796,70690,,,148836,0,0,0,647504,has correct answer,321509,ŸÖÿß ŸÖÿ≠Ÿäÿ∑ ÿßŸÑÿØÿßÿ¶ÿ±ÿ©ÿü,1,image and text,0,MCQ,-1,,1258257,,12/16/25 6:14,12/16/25 6:14,,0,557612,0,12/11/25 10:35,12/11/25 10:35,,1,,,,,,,,,,,
mcq15195912,mcq,EXIT_TICKET,342117,course session,14796,70690,,,148836,0,1,1,647433,has correct answer,321509,ŸÖÿß ŸÖÿ≠Ÿäÿ∑ ÿßŸÑÿØÿßÿ¶ÿ±ÿ©ÿü,1,image and text,0,MCQ,1258260,,1258257,0,12/16/25 6:15,12/16/25 6:15,28,1,557612,0,12/11/25 10:35,12/11/25 10:35,12/16/25 6:15,1,,,,,,,,,,,
mcq15195884,mcq,EXIT_TICKET,342117,course session,14796,70690,,,148836,0,1,1,647306,has correct answer,321509,ŸÖÿß ŸÖÿ≠Ÿäÿ∑ ÿßŸÑÿØÿßÿ¶ÿ±ÿ©ÿü,1,image and text,0,MCQ,1258260,,1258257,0,12/16/25 6:15,12/16/25 6:15,16,1,557612,0,12/11/25 10:35,12/11/25 10:35,12/16/25 6:15,1,,,,,,,,,,,
mcq15195963,mcq,EXIT_TICKET,342117,course session,14796,70690,,,148836,0,1,1,657525,has correct answer,321509,ŸÖÿß ŸÖÿ≠Ÿäÿ∑ ÿßŸÑÿØÿßÿ¶ÿ±ÿ©ÿü,1,image and text,0,MCQ,1258259,,1258257,0,12/16/25 6:15,12/16/25 6:16,50,1,557612,0,12/11/25 10:35,12/11/25 10:35,12/16/25 6:16,1,,,,,,,,,,,
mcq15195841,mcq,EXIT_TICKET,342117,course session,14796,70690,,,148836,0,1,1,651452,has correct answer,321509,ŸÖÿß ŸÖÿ≠Ÿäÿ∑ ÿßŸÑÿØÿßÿ¶ÿ±ÿ©ÿü,1,image and text,0,MCQ,1258257,,1258257,1,12/16/25 6:14,12/16/25 6:15,16,1,557612,0,12/11/25 10:35,12/11/25 10:35,12/16/25 6:15,1,,,,,,,,,,,
mcq15194047,mcq,TEAM_EXERCISE,342123,course session,14796,70690,,,148837,0,1,1,647433,has correct answer,334117,ŸÅŸä ÿßŸÑÿ¥ŸÉŸÑ ÿßŸÑŸÖŸÇÿßÿ®ŸÑ ÿ£Ÿàÿ¨ÿØ ŸÇŸäŸÖÿ© ÿ≥ ÿü,1,image and text,1,MCQ,1307474,,1307476,0,12/16/25 6:07,12/16/25 6:08,48,1,557612,0,12/11/25 10:35,12/11/25 10:35,12/16/25 6:08,1,,,,,,,,,,,
mcq15193877,mcq,TEAM_EXERCISE,342123,course session,14796,70690,,,148837,0,1,1,651452,has correct answer,334117,ŸÅŸä ÿßŸÑÿ¥ŸÉŸÑ ÿßŸÑŸÖŸÇÿßÿ®ŸÑ ÿ£Ÿàÿ¨ÿØ ŸÇŸäŸÖÿ© ÿ≥ ÿü,1,image and text,1,MCQ,1307476,,1307476,1,12/16/25 6:05,12/16/25 6:06,16,1,557612,0,12/11/25 10:35,12/11/25 10:35,12/16/25 6:06,1,,,,,,,,,,,
mcq15193784,mcq,TEAM_EXERCISE,342123,course session,14796,70690,,,148837,0,1,1,652940,has correct answer,334117,ŸÅŸä ÿßŸÑÿ¥ŸÉŸÑ ÿßŸÑŸÖŸÇÿßÿ®ŸÑ ÿ£Ÿàÿ¨ÿØ ŸÇŸäŸÖÿ© ÿ≥ ÿü,1,image and text,1,MCQ,1307476,,1307476,1,12/16/25 6:04,12/16/25 6:05,19,1,557612,0,12/11/25 10:35,12/11/25 10:35,12/16/25 6:05,1,,,,,,,,,,,
mcq15193954,mcq,TEAM_EXERCISE,342123,course session,14796,70690,,,148837,0,1,1,648953,has correct answer,334117,ŸÅŸä ÿßŸÑÿ¥ŸÉŸÑ ÿßŸÑŸÖŸÇÿßÿ®ŸÑ ÿ£Ÿàÿ¨ÿØ ŸÇŸäŸÖÿ© ÿ≥ ÿü,1,image and text,1,MCQ,1307475,,1307476,0,12/16/25 6:06,12/16/25 6:06,3,1,557612,0,12/11/25 10:35,12/11/25 10:35,12/16/25 6:06,1,,,,,,,,,,,
mcq15194029,mcq,TEAM_EXERCISE,342123,course session,14796,70690,,,148837,0,1,1,647426,has correct answer,334117,ŸÅŸä ÿßŸÑÿ¥ŸÉŸÑ ÿßŸÑŸÖŸÇÿßÿ®ŸÑ ÿ£Ÿàÿ¨ÿØ ŸÇŸäŸÖÿ© ÿ≥ ÿü,1,image and text,1,MCQ,1307475,,1307476,0,12/16/25 6:07,12/16/25 6:07,11,1,557612,0,12/11/25 10:35,12/11/25 10:35,12/16/25 6:07,1,,,,,,,,,,,
mcq15194016,mcq,TEAM_EXERCISE,342123,course session,14796,70690,,,148837,0,1,1,647411,has correct answer,334117,ŸÅŸä ÿßŸÑÿ¥ŸÉŸÑ ÿßŸÑŸÖŸÇÿßÿ®ŸÑ ÿ£Ÿàÿ¨ÿØ ŸÇŸäŸÖÿ© ÿ≥ ÿü,1,image and text,1,MCQ,1307474,,1307476,0,12/16/25 6:07,12/16/25 6:07,23,1,557612,0,12/11/25 10:35,12/11/25 10:35,12/16/25 6:07,1,,,,,,,,,,,
mcq15194066,mcq,TEAM_EXERCISE,342123,course session,14796,70690,,,148837,0,1,1,648951,has correct answer,334117,ŸÅŸä ÿßŸÑÿ¥ŸÉŸÑ ÿßŸÑŸÖŸÇÿßÿ®ŸÑ ÿ£Ÿàÿ¨ÿØ ŸÇŸäŸÖÿ© ÿ≥ ÿü,1,image and text,1,MCQ,1307474,,1307476,0,12/16/25 6:07,12/16/25 6:07,1,1,557612,0,12/11/25 10:35,12/11/25 10:35,12/16/25 6:07,1,,,,,,,,,,,
mcq15194025,mcq,TEAM_EXERCISE,342123,course session,14796,70690,,,148837,0,1,1,647404,has correct answer,334117,ŸÅŸä ÿßŸÑÿ¥ŸÉŸÑ ÿßŸÑŸÖŸÇÿßÿ®ŸÑ ÿ£Ÿàÿ¨ÿØ ŸÇŸäŸÖÿ© ÿ≥ ÿü,1,image and text,1,MCQ,1307475,,1307476,0,12/16/25 6:06,12/16/25 6:07,61,7,557612,0,12/11/25 10:35,12/11/25 10:35,12/16/25 6:07,1,,,,,,,,,,,
mcq15193783,mcq,TEAM_EXERCISE,342123,course session,14796,70690,,,148837,0,1,1,652934,has correct answer,334117,ŸÅŸä ÿßŸÑÿ¥ŸÉŸÑ ÿßŸÑŸÖŸÇÿßÿ®ŸÑ ÿ£Ÿàÿ¨ÿØ ŸÇŸäŸÖÿ© ÿ≥ ÿü,1,image and text,1,MCQ,1307475,,1307476,0,12/16/25 6:04,12/16/25 6:04,5,1,557612,0,12/11/25 10:35,12/11/25 10:35,12/16/25 6:04,1,,,,,,,,,,,
mcq15193862,mcq,TEAM_EXERCISE,342123,course session,14796,70690,,,148837,0,1,1,647499,has correct answer,334117,ŸÅŸä ÿßŸÑÿ¥ŸÉŸÑ ÿßŸÑŸÖŸÇÿßÿ®ŸÑ ÿ£Ÿàÿ¨ÿØ ŸÇŸäŸÖÿ© ÿ≥ ÿü,1,image and text,1,MCQ,1307477,,1307476,0,12/16/25 6:05,12/16/25 6:05,26,2,557612,0,12/11/25 10:35,12/11/25 10:35,12/16/25 6:05,1,,,,,,,,,,,
mcq15194360,mcq,TEAM_EXERCISE,342123,course session,14796,70690,,,148837,0,0,0,652933,has correct answer,334117,ŸÅŸä ÿßŸÑÿ¥ŸÉŸÑ ÿßŸÑŸÖŸÇÿßÿ®ŸÑ ÿ£Ÿàÿ¨ÿØ ŸÇŸäŸÖÿ© ÿ≥ ÿü,1,image and text,1,MCQ,-1,,1307476,,12/16/25 6:09,12/16/25 6:09,,0,557612,0,12/11/25 10:35,12/11/25 10:35,,1,,,,,,,,,,,
mcq15193919,mcq,TEAM_EXERCISE,342123,course session,14796,70690,,,148837,0,1,1,657525,has correct answer,334117,ŸÅŸä ÿßŸÑÿ¥ŸÉŸÑ ÿßŸÑŸÖŸÇÿßÿ®ŸÑ ÿ£Ÿàÿ¨ÿØ ŸÇŸäŸÖÿ© ÿ≥ ÿü,1,image and text,1,MCQ,1307474,,1307476,0,12/16/25 6:06,12/16/25 6:06,28,1,557612,0,12/11/25 10:35,12/11/25 10:35,12/16/25 6:06,1,,,,,,,,,,,
mcq15193967,mcq,TEAM_EXERCISE,342123,course session,14796,70690,,,148837,0,1,1,647496,has correct answer,334117,ŸÅŸä ÿßŸÑÿ¥ŸÉŸÑ ÿßŸÑŸÖŸÇÿßÿ®ŸÑ ÿ£Ÿàÿ¨ÿØ ŸÇŸäŸÖÿ© ÿ≥ ÿü,1,image and text,1,MCQ,1307476,,1307476,1,12/16/25 6:06,12/16/25 6:07,20,1,557612,0,12/11/25 10:35,12/11/25 10:35,12/16/25 6:07,1,,,,,,,,,,,
mcq15193823,mcq,TEAM_EXERCISE,342123,course session,14796,70690,,,148837,0,1,1,652958,has correct answer,334117,ŸÅŸä ÿßŸÑÿ¥ŸÉŸÑ ÿßŸÑŸÖŸÇÿßÿ®ŸÑ ÿ£Ÿàÿ¨ÿØ ŸÇŸäŸÖÿ© ÿ≥ ÿü,1,image and text,1,MCQ,1307474,,1307476,0,12/16/25 6:05,12/16/25 6:05,13,1,557612,0,12/11/25 10:35,12/11/25 10:35,12/16/25 6:05,1,,,,,,,,,,,
mcq15194359,mcq,TEAM_EXERCISE,342123,course session,14796,70690,,,148837,0,1,1,647739,has correct answer,334117,ŸÅŸä ÿßŸÑÿ¥ŸÉŸÑ ÿßŸÑŸÖŸÇÿßÿ®ŸÑ ÿ£Ÿàÿ¨ÿØ ŸÇŸäŸÖÿ© ÿ≥ ÿü,1,image and text,1,MCQ,1307475,,1307476,0,12/16/25 6:09,12/16/25 6:09,10,1,557612,0,12/11/25 10:35,12/11/25 10:35,12/16/25 6:09,1,,,,,,,,,,,
mcq15193803,mcq,TEAM_EXERCISE,342123,course session,14796,70690,,,148837,0,1,1,648959,has correct answer,334117,ŸÅŸä ÿßŸÑÿ¥ŸÉŸÑ ÿßŸÑŸÖŸÇÿßÿ®ŸÑ ÿ£Ÿàÿ¨ÿØ ŸÇŸäŸÖÿ© ÿ≥ ÿü,1,image and text,1,MCQ,1307475,,1307476,0,12/16/25 6:05,12/16/25 6:05,18,1,557612,0,12/11/25 10:35,12/11/25 10:35,12/16/25 6:05,1,,,,,,,,,,,
mcq15194050,mcq,TEAM_EXERCISE,342123,course session,14796,70690,,,148837,0,1,1,647306,has correct answer,334117,ŸÅŸä ÿßŸÑÿ¥ŸÉŸÑ ÿßŸÑŸÖŸÇÿßÿ®ŸÑ ÿ£Ÿàÿ¨ÿØ ŸÇŸäŸÖÿ© ÿ≥ ÿü,1,image and text,1,MCQ,1307474,,1307476,0,12/16/25 6:07,12/16/25 6:08,39,1,557612,0,12/11/25 10:35,12/11/25 10:35,12/16/25 6:08,1,,,,,,,,,,,
mcq15195985,mcq,EXIT_TICKET,342118,course session,14796,70690,,,148836,0,1,1,647496,has correct answer,321830,"&nbsp;ŸÅŸä ÿßŸÑÿ¥ŸÉŸÑ ÿßŸÑŸÖÿ¨ÿßŸàÿ± :<div>&nbsp;ÿ£Ÿàÿ¨ÿØ ŸÇŸäÿßÿ≥ ÿßŸÑŸÇŸàÿ≥<div>&nbsp;<math dir=""rtl"" xmlns=""http://www.w3.org/1998/Math/MathML""><mi>&#1602;</mi><mo>&#160;</mo><mfenced><mover><mrow><mi>&#1605;</mi><mo>&#160;</mo><mi>&#1606;</mi></mrow><mo>&#9180;</mo></mover></mfenced></math></div></div>",1,image and text,0,MCQ,1259499,,1259500,0,12/16/25 6:16,12/16/25 6:16,30,1,557612,0,12/11/25 10:35,12/11/25 10:35,12/16/25 6:16,1,,,,,,,,,,,
mcq15195959,mcq,EXIT_TICKET,342118,course session,14796,70690,,,148836,0,1,1,648951,has correct answer,321830,"&nbsp;ŸÅŸä ÿßŸÑÿ¥ŸÉŸÑ ÿßŸÑŸÖÿ¨ÿßŸàÿ± :<div>&nbsp;ÿ£Ÿàÿ¨ÿØ ŸÇŸäÿßÿ≥ ÿßŸÑŸÇŸàÿ≥<div>&nbsp;<math dir=""rtl"" xmlns=""http://www.w3.org/1998/Math/MathML""><mi>&#1602;</mi><mo>&#160;</mo><mfenced><mover><mrow><mi>&#1605;</mi><mo>&#160;</mo><mi>&#1606;</mi></mrow><mo>&#9180;</mo></mover></mfenced></math></div></div>",1,image and text,0,MCQ,1259498,,1259500,0,12/16/25 6:15,12/16/25 6:16,21,1,557612,0,12/11/25 10:35,12/11/25 10:35,12/16/25 6:16,1,,,,,,,,,,,
mcq15195898,mcq,EXIT_TICKET,342118,course session,14796,70690,,,148836,0,1,1,647426,has correct answer,321830,"&nbsp;ŸÅŸä ÿßŸÑÿ¥ŸÉŸÑ ÿßŸÑŸÖÿ¨ÿßŸàÿ± :<div>&nbsp;ÿ£Ÿàÿ¨ÿØ ŸÇŸäÿßÿ≥ ÿßŸÑŸÇŸàÿ≥<div>&nbsp;<math dir=""rtl"" xmlns=""http://www.w3.org/1998/Math/MathML""><mi>&#1602;</mi><mo>&#160;</mo><mfenced><mover><mrow><mi>&#1605;</mi><mo>&#160;</mo><mi>&#1606;</mi></mrow><mo>&#9180;</mo></mover></mfenced></math></div></div>",1,image and text,0,MCQ,1259499,,1259500,0,12/16/25 6:15,12/16/25 6:15,20,1,557612,0,12/11/25 10:35,12/11/25 10:35,12/16/25 6:15,1,,,,,,,,,,,
mcq15196011,mcq,EXIT_TICKET,342118,course session,14796,70690,,,148836,0,1,1,648959,has correct answer,321830,"&nbsp;ŸÅŸä ÿßŸÑÿ¥ŸÉŸÑ ÿßŸÑŸÖÿ¨ÿßŸàÿ± :<div>&nbsp;ÿ£Ÿàÿ¨ÿØ ŸÇŸäÿßÿ≥ ÿßŸÑŸÇŸàÿ≥<div>&nbsp;<math dir=""rtl"" xmlns=""http://www.w3.org/1998/Math/MathML""><mi>&#1602;</mi><mo>&#160;</mo><mfenced><mover><mrow><mi>&#1605;</mi><mo>&#160;</mo><mi>&#1606;</mi></mrow><mo>&#9180;</mo></mover></mfenced></math></div></div>",1,image and text,0,MCQ,1259500,,1259500,1,12/16/25 6:16,12/16/25 6:17,45,4,557612,0,12/11/25 10:35,12/11/25 10:35,12/16/25 6:17,1,,,,,,,,,,,
mcq15195975,mcq,EXIT_TICKET,342118,course session,14796,70690,,,148836,0,1,1,647748,has correct answer,321830,"&nbsp;ŸÅŸä ÿßŸÑÿ¥ŸÉŸÑ ÿßŸÑŸÖÿ¨ÿßŸàÿ± :<div>&nbsp;ÿ£Ÿàÿ¨ÿØ ŸÇŸäÿßÿ≥ ÿßŸÑŸÇŸàÿ≥<div>&nbsp;<math dir=""rtl"" xmlns=""http://www.w3.org/1998/Math/MathML""><mi>&#1602;</mi><mo>&#160;</mo><mfenced><mover><mrow><mi>&#1605;</mi><mo>&#160;</mo><mi>&#1606;</mi></mrow><mo>&#9180;</mo></mover></mfenced></math></div></div>",1,image and text,0,MCQ,1259500,,1259500,1,12/16/25 6:15,12/16/25 6:16,26,2,557612,0,12/11/25 10:35,12/11/25 10:35,12/16/25 6:16,1,,,,,,,,,,,
mcq15195970,mcq,EXIT_TICKET,342118,course session,14796,70690,,,148836,0,1,1,647433,has correct answer,321830,"&nbsp;ŸÅŸä ÿßŸÑÿ¥ŸÉŸÑ ÿßŸÑŸÖÿ¨ÿßŸàÿ± :<div>&nbsp;ÿ£Ÿàÿ¨ÿØ ŸÇŸäÿßÿ≥ ÿßŸÑŸÇŸàÿ≥<div>&nbsp;<math dir=""rtl"" xmlns=""http://www.w3.org/1998/Math/MathML""><mi>&#1602;</mi><mo>&#160;</mo><mfenced><mover><mrow><mi>&#1605;</mi><mo>&#160;</mo><mi>&#1606;</mi></mrow><mo>&#9180;</mo></mover></mfenced></math></div></div>",1,image and text,0,MCQ,1259500,,1259500,1,12/16/25 6:15,12/16/25 6:16,67,1,557612,0,12/11/25 10:35,12/11/25 10:35,12/16/25 6:16,1,,,,,,,,,,,
mcq15195976,mcq,EXIT_TICKET,342118,course session,14796,70690,,,148836,0,1,1,647739,has correct answer,321830,"&nbsp;ŸÅŸä ÿßŸÑÿ¥ŸÉŸÑ ÿßŸÑŸÖÿ¨ÿßŸàÿ± :<div>&nbsp;ÿ£Ÿàÿ¨ÿØ ŸÇŸäÿßÿ≥ ÿßŸÑŸÇŸàÿ≥<div>&nbsp;<math dir=""rtl"" xmlns=""http://www.w3.org/1998/Math/MathML""><mi>&#1602;</mi><mo>&#160;</mo><mfenced><mover><mrow><mi>&#1605;</mi><mo>&#160;</mo><mi>&#1606;</mi></mrow><mo>&#9180;</mo></mover></mfenced></math></div></div>",1,image and text,0,MCQ,1259499,,1259500,0,12/16/25 6:16,12/16/25 6:16,44,1,557612,0,12/11/25 10:35,12/11/25 10:35,12/16/25 6:16,1,,,,,,,,,,,
mcq15195973,mcq,EXIT_TICKET,342118,course session,14796,70690,,,148836,0,1,1,647499,has correct answer,321830,"&nbsp;ŸÅŸä ÿßŸÑÿ¥ŸÉŸÑ ÿßŸÑŸÖÿ¨ÿßŸàÿ± :<div>&nbsp;ÿ£Ÿàÿ¨ÿØ ŸÇŸäÿßÿ≥ ÿßŸÑŸÇŸàÿ≥<div>&nbsp;<math dir=""rtl"" xmlns=""http://www.w3.org/1998/Math/MathML""><mi>&#1602;</mi><mo>&#160;</mo><mfenced><mover><mrow><mi>&#1605;</mi><mo>&#160;</mo><mi>&#1606;</mi></mrow><mo>&#9180;</mo></mover></mfenced></math></div></div>",1,image and text,0,MCQ,1259501,,1259500,0,12/16/25 6:15,12/16/25 6:15,19,2,557612,0,12/11/25 10:35,12/11/25 10:35,12/16/25 6:15,1,,,,,,,,,,,
mcq15195995,mcq,EXIT_TICKET,342118,course session,14796,70690,,,148836,0,1,1,657525,has correct answer,321830,"&nbsp;ŸÅŸä ÿßŸÑÿ¥ŸÉŸÑ ÿßŸÑŸÖÿ¨ÿßŸàÿ± :<div>&nbsp;ÿ£Ÿàÿ¨ÿØ ŸÇŸäÿßÿ≥ ÿßŸÑŸÇŸàÿ≥<div>&nbsp;<math dir=""rtl"" xmlns=""http://www.w3.org/1998/Math/MathML""><mi>&#1602;</mi><mo>&#160;</mo><mfenced><mover><mrow><mi>&#1605;</mi><mo>&#160;</mo><mi>&#1606;</mi></mrow><mo>&#9180;</mo></mover></mfenced></math></div></div>",1,image and text,0,MCQ,1259500,,1259500,1,12/16/25 6:16,12/16/25 6:17,34,1,557612,0,12/11/25 10:35,12/11/25 10:35,12/16/25 6:17,1,,,,,,,,,,,
mcq15195961,mcq,EXIT_TICKET,342118,course session,14796,70690,,,148836,0,1,1,651452,has correct answer,321830,"&nbsp;ŸÅŸä ÿßŸÑÿ¥ŸÉŸÑ ÿßŸÑŸÖÿ¨ÿßŸàÿ± :<div>&nbsp;ÿ£Ÿàÿ¨ÿØ ŸÇŸäÿßÿ≥ ÿßŸÑŸÇŸàÿ≥<div>&nbsp;<math dir=""rtl"" xmlns=""http://www.w3.org/1998/Math/MathML""><mi>&#1602;</mi><mo>&#160;</mo><mfenced><mover><mrow><mi>&#1605;</mi><mo>&#160;</mo><mi>&#1606;</mi></mrow><mo>&#9180;</mo></mover></mfenced></math></div></div>",1,image and text,0,MCQ,1259500,,1259500,1,12/16/25 6:15,12/16/25 6:15,23,2,557612,0,12/11/25 10:35,12/11/25 10:35,12/16/25 6:15,1,,,,,,,,,,,
mcq15195929,mcq,EXIT_TICKET,342118,course session,14796,70690,,,148836,0,1,1,648953,has correct answer,321830,"&nbsp;ŸÅŸä ÿßŸÑÿ¥ŸÉŸÑ ÿßŸÑŸÖÿ¨ÿßŸàÿ± :<div>&nbsp;ÿ£Ÿàÿ¨ÿØ ŸÇŸäÿßÿ≥ ÿßŸÑŸÇŸàÿ≥<div>&nbsp;<math dir=""rtl"" xmlns=""http://www.w3.org/1998/Math/MathML""><mi>&#1602;</mi><mo>&#160;</mo><mfenced><mover><mrow><mi>&#1605;</mi><mo>&#160;</mo><mi>&#1606;</mi></mrow><mo>&#9180;</mo></mover></mfenced></math></div></div>",1,image and text,0,MCQ,1259499,,1259500,0,12/16/25 6:15,12/16/25 6:15,3,1,557612,0,12/11/25 10:35,12/11/25 10:35,12/16/25 6:15,1,,,,,,,,,,,
mcq15195840,mcq,EXIT_TICKET,342118,course session,14796,70690,,,148836,0,1,1,652934,has correct answer,321830,"&nbsp;ŸÅŸä ÿßŸÑÿ¥ŸÉŸÑ ÿßŸÑŸÖÿ¨ÿßŸàÿ± :<div>&nbsp;ÿ£Ÿàÿ¨ÿØ ŸÇŸäÿßÿ≥ ÿßŸÑŸÇŸàÿ≥<div>&nbsp;<math dir=""rtl"" xmlns=""http://www.w3.org/1998/Math/MathML""><mi>&#1602;</mi><mo>&#160;</mo><mfenced><mover><mrow><mi>&#1605;</mi><mo>&#160;</mo><mi>&#1606;</mi></mrow><mo>&#9180;</mo></mover></mfenced></math></div></div>",1,image and text,0,MCQ,1259498,,1259500,0,12/16/25 6:14,12/16/25 6:14,60,1,557612,0,12/11/25 10:35,12/11/25 10:35,12/16/25 6:14,1,,,,,,,,,,,
mcq15195913,mcq,EXIT_TICKET,342118,course session,14796,70690,,,148836,0,1,1,647404,has correct answer,321830,"&nbsp;ŸÅŸä ÿßŸÑÿ¥ŸÉŸÑ ÿßŸÑŸÖÿ¨ÿßŸàÿ± :<div>&nbsp;ÿ£Ÿàÿ¨ÿØ ŸÇŸäÿßÿ≥ ÿßŸÑŸÇŸàÿ≥<div>&nbsp;<math dir=""rtl"" xmlns=""http://www.w3.org/1998/Math/MathML""><mi>&#1602;</mi><mo>&#160;</mo><mfenced><mover><mrow><mi>&#1605;</mi><mo>&#160;</mo><mi>&#1606;</mi></mrow><mo>&#9180;</mo></mover></mfenced></math></div></div>",1,image and text,0,MCQ,1259500,,1259500,1,12/16/25 6:15,12/16/25 6:15,25,1,557612,0,12/11/25 10:35,12/11/25 10:35,12/16/25 6:15,1,,,,,,,,,,,
mcq15195936,mcq,EXIT_TICKET,342118,course session,14796,70690,,,148836,0,1,1,647306,has correct answer,321830,"&nbsp;ŸÅŸä ÿßŸÑÿ¥ŸÉŸÑ ÿßŸÑŸÖÿ¨ÿßŸàÿ± :<div>&nbsp;ÿ£Ÿàÿ¨ÿØ ŸÇŸäÿßÿ≥ ÿßŸÑŸÇŸàÿ≥<div>&nbsp;<math dir=""rtl"" xmlns=""http://www.w3.org/1998/Math/MathML""><mi>&#1602;</mi><mo>&#160;</mo><mfenced><mover><mrow><mi>&#1605;</mi><mo>&#160;</mo><mi>&#1606;</mi></mrow><mo>&#9180;</mo></mover></mfenced></math></div></div>",1,image and text,0,MCQ,1259500,,1259500,1,12/16/25 6:15,12/16/25 6:15,24,1,557612,0,12/11/25 10:35,12/11/25 10:35,12/16/25 6:15,1,,,,,,,,,,,
mcq15194039,mcq,TEAM_EXERCISE,342119,course session,14796,70690,,,148837,0,1,1,648951,has correct answer,339665,ÿßŸàÿ¨ÿØ ŸÇŸäÿßÿ≥ ÿßŸÑÿ≤ÿßŸàŸäÿ© ÿ≥&nbsp;,1,image and text,1,MCQ,1327904,,1327905,0,12/16/25 6:06,12/16/25 6:07,43,3,557612,0,12/11/25 10:35,12/11/25 10:35,12/16/25 6:07,1,,,,,,,,,,,
mcq15193615,mcq,TEAM_EXERCISE,342119,course session,14796,70690,,,148837,0,1,1,651452,has correct answer,339665,ÿßŸàÿ¨ÿØ ŸÇŸäÿßÿ≥ ÿßŸÑÿ≤ÿßŸàŸäÿ© ÿ≥&nbsp;,1,image and text,1,MCQ,1327904,,1327905,0,12/16/25 6:04,12/16/25 6:04,39,1,557612,0,12/11/25 10:35,12/11/25 10:35,12/16/25 6:04,1,,,,,,,,,,,
mcq15193749,mcq,TEAM_EXERCISE,342119,course session,14796,70690,,,148837,0,1,1,647306,has correct answer,339665,ÿßŸàÿ¨ÿØ ŸÇŸäÿßÿ≥ ÿßŸÑÿ≤ÿßŸàŸäÿ© ÿ≥&nbsp;,1,image and text,1,MCQ,1327905,,1327905,1,12/16/25 6:04,12/16/25 6:04,69,2,557612,0,12/11/25 10:35,12/11/25 10:35,12/16/25 6:04,1,,,,,,,,,,,
mcq15193625,mcq,TEAM_EXERCISE,342119,course session,14796,70690,,,148837,0,0,0,647504,has correct answer,339665,ÿßŸàÿ¨ÿØ ŸÇŸäÿßÿ≥ ÿßŸÑÿ≤ÿßŸàŸäÿ© ÿ≥&nbsp;,1,image and text,1,MCQ,-1,,1327905,,12/16/25 6:04,12/16/25 6:04,,0,557612,0,12/11/25 10:35,12/11/25 10:35,,1,,,,,,,,,,,
mcq15193618,mcq,TEAM_EXERCISE,342119,course session,14796,70690,,,148837,0,1,1,647426,has correct answer,339665,ÿßŸàÿ¨ÿØ ŸÇŸäÿßÿ≥ ÿßŸÑÿ≤ÿßŸàŸäÿ© ÿ≥&nbsp;,1,image and text,1,MCQ,1327905,,1327905,1,12/16/25 6:04,12/16/25 6:05,48,1,557612,0,12/11/25 10:35,12/11/25 10:35,12/16/25 6:05,1,,,,,,,,,,,
mcq15193623,mcq,TEAM_EXERCISE,342119,course session,14796,70690,,,148837,0,1,1,657525,has correct answer,339665,ÿßŸàÿ¨ÿØ ŸÇŸäÿßÿ≥ ÿßŸÑÿ≤ÿßŸàŸäÿ© ÿ≥&nbsp;,1,image and text,1,MCQ,1327904,,1327905,0,12/16/25 6:04,12/16/25 6:04,32,1,557612,0,12/11/25 10:35,12/11/25 10:35,12/16/25 6:04,1,,,,,,,,,,,
mcq15193790,mcq,TEAM_EXERCISE,342119,course session,14796,70690,,,148837,0,1,1,647496,has correct answer,339665,ÿßŸàÿ¨ÿØ ŸÇŸäÿßÿ≥ ÿßŸÑÿ≤ÿßŸàŸäÿ© ÿ≥&nbsp;,1,image and text,1,MCQ,1327904,,1327905,0,12/16/25 6:04,12/16/25 6:04,43,4,557612,0,12/11/25 10:35,12/11/25 10:35,12/16/25 6:04,1,,,,,,,,,,,
mcq15193627,mcq,TEAM_EXERCISE,342119,course session,14796,70690,,,148837,0,0,0,648986,has correct answer,339665,ÿßŸàÿ¨ÿØ ŸÇŸäÿßÿ≥ ÿßŸÑÿ≤ÿßŸàŸäÿ© ÿ≥&nbsp;,1,image and text,1,MCQ,-1,,1327905,,12/16/25 6:04,12/16/25 6:04,,0,557612,0,12/11/25 10:35,12/11/25 10:35,,1,,,,,,,,,,,
mcq15193634,mcq,TEAM_EXERCISE,342119,course session,14796,70690,,,148837,0,1,1,647748,has correct answer,339665,ÿßŸàÿ¨ÿØ ŸÇŸäÿßÿ≥ ÿßŸÑÿ≤ÿßŸàŸäÿ© ÿ≥&nbsp;,1,image and text,1,MCQ,1327903,,1327905,0,12/16/25 6:04,12/16/25 6:04,29,1,557612,0,12/11/25 10:35,12/11/25 10:35,12/16/25 6:04,1,,,,,,,,,,,
mcq15193729,mcq,TEAM_EXERCISE,342119,course session,14796,70690,,,148837,0,1,1,648959,has correct answer,339665,ÿßŸàÿ¨ÿØ ŸÇŸäÿßÿ≥ ÿßŸÑÿ≤ÿßŸàŸäÿ© ÿ≥&nbsp;,1,image and text,1,MCQ,1327904,,1327905,0,12/16/25 6:04,12/16/25 6:04,22,6,557612,0,12/11/25 10:35,12/11/25 10:35,12/16/25 6:04,1,,,,,,,,,,,
mcq15193620,mcq,TEAM_EXERCISE,342119,course session,14796,70690,,,148837,0,1,1,647499,has correct answer,339665,ÿßŸàÿ¨ÿØ ŸÇŸäÿßÿ≥ ÿßŸÑÿ≤ÿßŸàŸäÿ© ÿ≥&nbsp;,1,image and text,1,MCQ,1327904,,1327905,0,12/16/25 6:04,12/16/25 6:04,18,1,557612,0,12/11/25 10:35,12/11/25 10:35,12/16/25 6:04,1,,,,,,,,,,,
mcq15194026,mcq,TEAM_EXERCISE,342119,course session,14796,70690,,,148837,0,1,1,647739,has correct answer,339665,ÿßŸàÿ¨ÿØ ŸÇŸäÿßÿ≥ ÿßŸÑÿ≤ÿßŸàŸäÿ© ÿ≥&nbsp;,1,image and text,1,MCQ,1327904,,1327905,0,12/16/25 6:07,12/16/25 6:07,19,1,557612,0,12/11/25 10:35,12/11/25 10:35,12/16/25 6:07,1,,,,,,,,,,,
mcq15193633,mcq,TEAM_EXERCISE,342119,course session,14796,70690,,,148837,0,0,0,647295,has correct answer,339665,ÿßŸàÿ¨ÿØ ŸÇŸäÿßÿ≥ ÿßŸÑÿ≤ÿßŸàŸäÿ© ÿ≥&nbsp;,1,image and text,1,MCQ,-1,,1327905,,12/16/25 6:04,12/16/25 6:04,,0,557612,0,12/11/25 10:35,12/11/25 10:35,,1,,,,,,,,,,,
mcq15193626,mcq,TEAM_EXERCISE,342119,course session,14796,70690,,,148837,0,1,1,647433,has correct answer,339665,ÿßŸàÿ¨ÿØ ŸÇŸäÿßÿ≥ ÿßŸÑÿ≤ÿßŸàŸäÿ© ÿ≥&nbsp;,1,image and text,1,MCQ,1327904,,1327905,0,12/16/25 6:04,12/16/25 6:04,34,1,557612,0,12/11/25 10:35,12/11/25 10:35,12/16/25 6:04,1,,,,,,,,,,,
mcq15193788,mcq,TEAM_EXERCISE,342119,course session,14796,70690,,,148837,0,1,1,647404,has correct answer,339665,ÿßŸàÿ¨ÿØ ŸÇŸäÿßÿ≥ ÿßŸÑÿ≤ÿßŸàŸäÿ© ÿ≥&nbsp;,1,image and text,1,MCQ,1327904,,1327905,0,12/16/25 6:04,12/16/25 6:04,44,3,557612,0,12/11/25 10:35,12/11/25 10:35,12/16/25 6:04,1,,,,,,,,,,,
mcq15194238,mcq,TEAM_EXERCISE,342119,course session,14796,70690,,,148837,0,1,1,652933,has correct answer,339665,ÿßŸàÿ¨ÿØ ŸÇŸäÿßÿ≥ ÿßŸÑÿ≤ÿßŸàŸäÿ© ÿ≥&nbsp;,1,image and text,1,MCQ,1327904,,1327905,0,12/16/25 6:08,12/16/25 6:08,6,1,557612,0,12/11/25 10:35,12/11/25 10:35,12/16/25 6:08,1,,,,,,,,,,,
mcq15193624,mcq,TEAM_EXERCISE,342119,course session,14796,70690,,,148837,0,0,0,652929,has correct answer,339665,ÿßŸàÿ¨ÿØ ŸÇŸäÿßÿ≥ ÿßŸÑÿ≤ÿßŸàŸäÿ© ÿ≥&nbsp;,1,image and text,1,MCQ,-1,,1327905,,12/16/25 6:04,12/16/25 6:04,,0,557612,0,12/11/25 10:35,12/11/25 10:35,,1,,,,,,,,,,,
mcq15193724,mcq,TEAM_EXERCISE,342119,course session,14796,70690,,,148837,0,1,1,652958,has correct answer,339665,ÿßŸàÿ¨ÿØ ŸÇŸäÿßÿ≥ ÿßŸÑÿ≤ÿßŸàŸäÿ© ÿ≥&nbsp;,1,image and text,1,MCQ,1327904,,1327905,0,12/16/25 6:04,12/16/25 6:04,19,1,557612,0,12/11/25 10:35,12/11/25 10:35,12/16/25 6:04,1,,,,,,,,,,,
mcq15193622,mcq,TEAM_EXERCISE,342119,course session,14796,70690,,,148837,0,1,1,652934,has correct answer,339665,ÿßŸàÿ¨ÿØ ŸÇŸäÿßÿ≥ ÿßŸÑÿ≤ÿßŸàŸäÿ© ÿ≥&nbsp;,1,image and text,1,MCQ,1327904,,1327905,0,12/16/25 6:04,12/16/25 6:04,15,1,557612,0,12/11/25 10:35,12/11/25 10:35,12/16/25 6:04,1,,,,,,,,,,,
mcq15193621,mcq,TEAM_EXERCISE,342119,course session,14796,70690,,,148837,0,1,1,652940,has correct answer,339665,ÿßŸàÿ¨ÿØ ŸÇŸäÿßÿ≥ ÿßŸÑÿ≤ÿßŸàŸäÿ© ÿ≥&nbsp;,1,image and text,1,MCQ,1327904,,1327905,0,12/16/25 6:04,12/16/25 6:04,11,1,557612,0,12/11/25 10:35,12/11/25 10:35,12/16/25 6:04,1,,,,,,,,,,,
mcq15193629,mcq,TEAM_EXERCISE,342119,course session,14796,70690,,,148837,0,0,0,652938,has correct answer,339665,ÿßŸàÿ¨ÿØ ŸÇŸäÿßÿ≥ ÿßŸÑÿ≤ÿßŸàŸäÿ© ÿ≥&nbsp;,1,image and text,1,MCQ,-1,,1327905,,12/16/25 6:04,12/16/25 6:04,,0,557612,0,12/11/25 10:35,12/11/25 10:35,,1,,,,,,,,,,,
mcq15193617,mcq,TEAM_EXERCISE,342119,course session,14796,70690,,,148837,0,1,1,647411,has correct answer,339665,ÿßŸàÿ¨ÿØ ŸÇŸäÿßÿ≥ ÿßŸÑÿ≤ÿßŸàŸäÿ© ÿ≥&nbsp;,1,image and text,1,MCQ,1327904,,1327905,0,12/16/25 6:04,12/16/25 6:04,29,1,557612,0,12/11/25 10:35,12/11/25 10:35,12/16/25 6:04,1,,,,,,,,,,,
mcq15193630,mcq,TEAM_EXERCISE,342119,course session,14796,70690,,,148837,0,1,1,648953,has correct answer,339665,ÿßŸàÿ¨ÿØ ŸÇŸäÿßÿ≥ ÿßŸÑÿ≤ÿßŸàŸäÿ© ÿ≥&nbsp;,1,image and text,1,MCQ,1327904,,1327905,0,12/16/25 6:04,12/16/25 6:06,138,1,557612,0,12/11/25 10:35,12/11/25 10:35,12/16/25 6:06,1,,,,,,,,,,,
mcq15196021,mcq,EXIT_TICKET,342116,course session,14796,70690,,,148836,0,0,0,648986,has correct answer,319911,ŸÇÿßÿ±ŸÜ ÿ®ŸäŸÜ:ÿßŸÑŸÇŸäŸÖÿ© ÿßŸÑÿ£ŸàŸÑŸâ: ÿ≥      ÿßŸÑŸÇŸäŸÖÿ© ÿßŸÑÿ´ÿßŸÜŸäÿ©: ÿµ,1,image and text,0,MCQ,-1,,1252102,,12/16/25 6:18,12/16/25 6:18,,0,557612,0,12/11/25 10:35,12/11/25 10:35,,1,,,,,,,,,,,
mcq15195915,mcq,EXIT_TICKET,342116,course session,14796,70690,,,148836,0,1,1,648951,has correct answer,319911,ŸÇÿßÿ±ŸÜ ÿ®ŸäŸÜ:ÿßŸÑŸÇŸäŸÖÿ© ÿßŸÑÿ£ŸàŸÑŸâ: ÿ≥      ÿßŸÑŸÇŸäŸÖÿ© ÿßŸÑÿ´ÿßŸÜŸäÿ©: ÿµ,1,image and text,0,MCQ,1252103,,1252102,0,12/16/25 6:15,12/16/25 6:15,9,1,557612,0,12/11/25 10:35,12/11/25 10:35,12/16/25 6:15,1,,,,,,,,,,,
mcq15195996,mcq,EXIT_TICKET,342116,course session,14796,70690,,,148836,0,1,1,648959,has correct answer,319911,ŸÇÿßÿ±ŸÜ ÿ®ŸäŸÜ:ÿßŸÑŸÇŸäŸÖÿ© ÿßŸÑÿ£ŸàŸÑŸâ: ÿ≥      ÿßŸÑŸÇŸäŸÖÿ© ÿßŸÑÿ´ÿßŸÜŸäÿ©: ÿµ,1,image and text,0,MCQ,1252102,,1252102,1,12/16/25 6:16,12/16/25 6:16,5,1,557612,0,12/11/25 10:35,12/11/25 10:35,12/16/25 6:16,1,,,,,,,,,,,
mcq15195923,mcq,EXIT_TICKET,342116,course session,14796,70690,,,148836,0,1,1,647306,has correct answer,319911,ŸÇÿßÿ±ŸÜ ÿ®ŸäŸÜ:ÿßŸÑŸÇŸäŸÖÿ© ÿßŸÑÿ£ŸàŸÑŸâ: ÿ≥      ÿßŸÑŸÇŸäŸÖÿ© ÿßŸÑÿ´ÿßŸÜŸäÿ©: ÿµ,1,image and text,0,MCQ,1252103,,1252102,0,12/16/25 6:15,12/16/25 6:15,7,1,557612,0,12/11/25 10:35,12/11/25 10:35,12/16/25 6:15,1,,,,,,,,,,,
mcq15195834,mcq,EXIT_TICKET,342116,course session,14796,70690,,,148836,0,1,1,657525,has correct answer,319911,ŸÇÿßÿ±ŸÜ ÿ®ŸäŸÜ:ÿßŸÑŸÇŸäŸÖÿ© ÿßŸÑÿ£ŸàŸÑŸâ: ÿ≥      ÿßŸÑŸÇŸäŸÖÿ© ÿßŸÑÿ´ÿßŸÜŸäÿ©: ÿµ,1,image and text,0,MCQ,1252103,,1252102,0,12/16/25 6:14,12/16/25 6:15,23,1,557612,0,12/11/25 10:35,12/11/25 10:35,12/16/25 6:15,1,,,,,,,,,,,
mcq15195971,mcq,EXIT_TICKET,342116,course session,14796,70690,,,148836,0,1,1,647739,has correct answer,319911,ŸÇÿßÿ±ŸÜ ÿ®ŸäŸÜ:ÿßŸÑŸÇŸäŸÖÿ© ÿßŸÑÿ£ŸàŸÑŸâ: ÿ≥      ÿßŸÑŸÇŸäŸÖÿ© ÿßŸÑÿ´ÿßŸÜŸäÿ©: ÿµ,1,image and text,0,MCQ,1252102,,1252102,1,12/16/25 6:15,12/16/25 6:16,8,1,557612,0,12/11/25 10:35,12/11/25 10:35,12/16/25 6:16,1,,,,,,,,,,,
mcq15195837,mcq,EXIT_TICKET,342116,course session,14796,70690,,,148836,0,1,1,652934,has correct answer,319911,ŸÇÿßÿ±ŸÜ ÿ®ŸäŸÜ:ÿßŸÑŸÇŸäŸÖÿ© ÿßŸÑÿ£ŸàŸÑŸâ: ÿ≥      ÿßŸÑŸÇŸäŸÖÿ© ÿßŸÑÿ´ÿßŸÜŸäÿ©: ÿµ,1,image and text,0,MCQ,1252101,,1252102,0,12/16/25 6:14,12/16/25 6:14,1,1,557612,0,12/11/25 10:35,12/11/25 10:35,12/16/25 6:14,1,,,,,,,,,,,
mcq15195903,mcq,EXIT_TICKET,342116,course session,14796,70690,,,148836,0,1,1,647496,has correct answer,319911,ŸÇÿßÿ±ŸÜ ÿ®ŸäŸÜ:ÿßŸÑŸÇŸäŸÖÿ© ÿßŸÑÿ£ŸàŸÑŸâ: ÿ≥      ÿßŸÑŸÇŸäŸÖÿ© ÿßŸÑÿ´ÿßŸÜŸäÿ©: ÿµ,1,image and text,0,MCQ,1252102,,1252102,1,12/16/25 6:15,12/16/25 6:15,26,1,557612,0,12/11/25 10:35,12/11/25 10:35,12/16/25 6:15,1,,,,,,,,,,,
mcq15195920,mcq,EXIT_TICKET,342116,course session,14796,70690,,,148836,0,1,1,647499,has correct answer,319911,ŸÇÿßÿ±ŸÜ ÿ®ŸäŸÜ:ÿßŸÑŸÇŸäŸÖÿ© ÿßŸÑÿ£ŸàŸÑŸâ: ÿ≥      ÿßŸÑŸÇŸäŸÖÿ© ÿßŸÑÿ´ÿßŸÜŸäÿ©: ÿµ,1,image and text,0,MCQ,1252102,,1252102,1,12/16/25 6:15,12/16/25 6:15,22,1,557612,0,12/11/25 10:35,12/11/25 10:35,12/16/25 6:15,1,,,,,,,,,,,
mcq15195962,mcq,EXIT_TICKET,342116,course session,14796,70690,,,148836,0,1,1,647433,has correct answer,319911,ŸÇÿßÿ±ŸÜ ÿ®ŸäŸÜ:ÿßŸÑŸÇŸäŸÖÿ© ÿßŸÑÿ£ŸàŸÑŸâ: ÿ≥      ÿßŸÑŸÇŸäŸÖÿ© ÿßŸÑÿ´ÿßŸÜŸäÿ©: ÿµ,1,image and text,0,MCQ,1252103,,1252102,0,12/16/25 6:15,12/16/25 6:15,8,1,557612,0,12/11/25 10:35,12/11/25 10:35,12/16/25 6:15,1,,,,,,,,,,,
mcq15195881,mcq,EXIT_TICKET,342116,course session,14796,70690,,,148836,0,1,1,647426,has correct answer,319911,ŸÇÿßÿ±ŸÜ ÿ®ŸäŸÜ:ÿßŸÑŸÇŸäŸÖÿ© ÿßŸÑÿ£ŸàŸÑŸâ: ÿ≥      ÿßŸÑŸÇŸäŸÖÿ© ÿßŸÑÿ´ÿßŸÜŸäÿ©: ÿµ,1,image and text,0,MCQ,1252101,,1252102,0,12/16/25 6:15,12/16/25 6:15,6,1,557612,0,12/11/25 10:35,12/11/25 10:35,12/16/25 6:15,1,,,,,,,,,,,
mcq15195879,mcq,EXIT_TICKET,342116,course session,14796,70690,,,148836,0,1,1,651452,has correct answer,319911,ŸÇÿßÿ±ŸÜ ÿ®ŸäŸÜ:ÿßŸÑŸÇŸäŸÖÿ© ÿßŸÑÿ£ŸàŸÑŸâ: ÿ≥      ÿßŸÑŸÇŸäŸÖÿ© ÿßŸÑÿ´ÿßŸÜŸäÿ©: ÿµ,1,image and text,0,MCQ,1252103,,1252102,0,12/16/25 6:15,12/16/25 6:15,17,1,557612,0,12/11/25 10:35,12/11/25 10:35,12/16/25 6:15,1,,,,,,,,,,,
mcq15195933,mcq,EXIT_TICKET,342116,course session,14796,70690,,,148836,0,1,1,647748,has correct answer,319911,ŸÇÿßÿ±ŸÜ ÿ®ŸäŸÜ:ÿßŸÑŸÇŸäŸÖÿ© ÿßŸÑÿ£ŸàŸÑŸâ: ÿ≥      ÿßŸÑŸÇŸäŸÖÿ© ÿßŸÑÿ´ÿßŸÜŸäÿ©: ÿµ,1,image and text,0,MCQ,1252102,,1252102,1,12/16/25 6:15,12/16/25 6:15,10,1,557612,0,12/11/25 10:35,12/11/25 10:35,12/16/25 6:15,1,,,,,,,,,,,
mcq15195921,mcq,EXIT_TICKET,342116,course session,14796,70690,,,148836,0,1,1,648953,has correct answer,319911,ŸÇÿßÿ±ŸÜ ÿ®ŸäŸÜ:ÿßŸÑŸÇŸäŸÖÿ© ÿßŸÑÿ£ŸàŸÑŸâ: ÿ≥      ÿßŸÑŸÇŸäŸÖÿ© ÿßŸÑÿ´ÿßŸÜŸäÿ©: ÿµ,1,image and text,0,MCQ,1252102,,1252102,1,12/16/25 6:14,12/16/25 6:15,43,3,557612,0,12/11/25 10:35,12/11/25 10:35,12/16/25 6:15,1,,,,,,,,,,,
mcq15195831,mcq,EXIT_TICKET,342116,course session,14796,70690,,,148836,0,0,0,647295,has correct answer,319911,ŸÇÿßÿ±ŸÜ ÿ®ŸäŸÜ:ÿßŸÑŸÇŸäŸÖÿ© ÿßŸÑÿ£ŸàŸÑŸâ: ÿ≥      ÿßŸÑŸÇŸäŸÖÿ© ÿßŸÑÿ´ÿßŸÜŸäÿ©: ÿµ,1,image and text,0,MCQ,-1,,1252102,,12/16/25 6:14,12/16/25 6:14,,0,557612,0,12/11/25 10:35,12/11/25 10:35,,1,,,,,,,,,,,
mcq15195847,mcq,EXIT_TICKET,342116,course session,14796,70690,,,148836,0,1,1,647404,has correct answer,319911,ŸÇÿßÿ±ŸÜ ÿ®ŸäŸÜ:ÿßŸÑŸÇŸäŸÖÿ© ÿßŸÑÿ£ŸàŸÑŸâ: ÿ≥      ÿßŸÑŸÇŸäŸÖÿ© ÿßŸÑÿ´ÿßŸÜŸäÿ©: ÿµ,1,image and text,0,MCQ,1252102,,1252102,1,12/16/25 6:14,12/16/25 6:14,12,2,557612,0,12/11/25 10:35,12/11/25 10:35,12/16/25 6:14,1,,,,,,,,,,,
mcq15194356,mcq,TEAM_EXERCISE,342122,course session,14796,70690,,,148837,0,1,1,652933,has correct answer,347331,ŸÖÿß ŸÇŸäŸÖÿ© ÿ≥ÿü,1,image and text,1,MCQ,1356403,,1356403,1,12/16/25 6:08,12/16/25 6:09,13,3,557612,0,12/11/25 10:35,12/11/25 10:35,12/16/25 6:09,1,,,,,,,,,,,
mcq15193948,mcq,TEAM_EXERCISE,342122,course session,14796,70690,,,148837,0,1,1,647496,has correct answer,347331,ŸÖÿß ŸÇŸäŸÖÿ© ÿ≥ÿü,1,image and text,1,MCQ,1356404,,1356403,0,12/16/25 6:06,12/16/25 6:06,11,1,557612,0,12/11/25 10:35,12/11/25 10:35,12/16/25 6:06,1,,,,,,,,,,,
mcq15193889,mcq,TEAM_EXERCISE,342122,course session,14796,70690,,,148837,0,1,1,647404,has correct answer,347331,ŸÖÿß ŸÇŸäŸÖÿ© ÿ≥ÿü,1,image and text,1,MCQ,1356403,,1356403,1,12/16/25 6:06,12/16/25 6:06,14,1,557612,0,12/11/25 10:35,12/11/25 10:35,12/16/25 6:06,1,,,,,,,,,,,
mcq15193873,mcq,TEAM_EXERCISE,342122,course session,14796,70690,,,148837,0,1,1,651452,has correct answer,347331,ŸÖÿß ŸÇŸäŸÖÿ© ÿ≥ÿü,1,image and text,1,MCQ,1356404,,1356403,0,12/16/25 6:05,12/16/25 6:05,16,2,557612,0,12/11/25 10:35,12/11/25 10:35,12/16/25 6:05,1,,,,,,,,,,,
mcq15194354,mcq,TEAM_EXERCISE,342122,course session,14796,70690,,,148837,0,1,1,647739,has correct answer,347331,ŸÖÿß ŸÇŸäŸÖÿ© ÿ≥ÿü,1,image and text,1,MCQ,1356404,,1356403,0,12/16/25 6:08,12/16/25 6:09,12,2,557612,0,12/11/25 10:35,12/11/25 10:35,12/16/25 6:09,1,,,,,,,,,,,
mcq15194012,mcq,TEAM_EXERCISE,342122,course session,14796,70690,,,148837,0,1,1,647411,has correct answer,347331,ŸÖÿß ŸÇŸäŸÖÿ© ÿ≥ÿü,1,image and text,1,MCQ,1356403,,1356403,1,12/16/25 6:07,12/16/25 6:07,5,2,557612,0,12/11/25 10:35,12/11/25 10:35,12/16/25 6:07,1,,,,,,,,,,,
mcq15193886,mcq,TEAM_EXERCISE,342122,course session,14796,70690,,,148837,0,1,1,657525,has correct answer,347331,ŸÖÿß ŸÇŸäŸÖÿ© ÿ≥ÿü,1,image and text,1,MCQ,1356404,,1356403,0,12/16/25 6:06,12/16/25 6:06,7,1,557612,0,12/11/25 10:35,12/11/25 10:35,12/16/25 6:06,1,,,,,,,,,,,
mcq15193947,mcq,TEAM_EXERCISE,342122,course session,14796,70690,,,148837,0,1,1,648953,has correct answer,347331,ŸÖÿß ŸÇŸäŸÖÿ© ÿ≥ÿü,1,image and text,1,MCQ,1356404,,1356403,0,12/16/25 6:06,12/16/25 6:06,7,3,557612,0,12/11/25 10:35,12/11/25 10:35,12/16/25 6:06,1,,,,,,,,,,,
mcq15194065,mcq,TEAM_EXERCISE,342122,course session,14796,70690,,,148837,0,1,1,648951,has correct answer,347331,ŸÖÿß ŸÇŸäŸÖÿ© ÿ≥ÿü,1,image and text,1,MCQ,1356405,,1356403,0,12/16/25 6:07,12/16/25 6:07,1,1,557612,0,12/11/25 10:35,12/11/25 10:35,12/16/25 6:07,1,,,,,,,,,,,
mcq15193817,mcq,TEAM_EXERCISE,342122,course session,14796,70690,,,148837,0,1,1,652958,has correct answer,347331,ŸÖÿß ŸÇŸäŸÖÿ© ÿ≥ÿü,1,image and text,1,MCQ,1356402,,1356403,0,12/16/25 6:05,12/16/25 6:05,4,1,557612,0,12/11/25 10:35,12/11/25 10:35,12/16/25 6:05,1,,,,,,,,,,,
mcq15193776,mcq,TEAM_EXERCISE,342122,course session,14796,70690,,,148837,0,1,1,652940,has correct answer,347331,ŸÖÿß ŸÇŸäŸÖÿ© ÿ≥ÿü,1,image and text,1,MCQ,1356404,,1356403,0,12/16/25 6:04,12/16/25 6:04,6,3,557612,0,12/11/25 10:35,12/11/25 10:35,12/16/25 6:04,1,,,,,,,,,,,
mcq15194041,mcq,TEAM_EXERCISE,342122,course session,14796,70690,,,148837,0,1,1,647306,has correct answer,347331,ŸÖÿß ŸÇŸäŸÖÿ© ÿ≥ÿü,1,image and text,1,MCQ,1356403,,1356403,1,12/16/25 6:07,12/16/25 6:07,5,1,557612,0,12/11/25 10:35,12/11/25 10:35,12/16/25 6:07,1,,,,,,,,,,,
mcq15193771,mcq,TEAM_EXERCISE,342122,course session,14796,70690,,,148837,0,1,1,652934,has correct answer,347331,ŸÖÿß ŸÇŸäŸÖÿ© ÿ≥ÿü,1,image and text,1,MCQ,1356403,,1356403,1,12/16/25 6:04,12/16/25 6:04,4,1,557612,0,12/11/25 10:35,12/11/25 10:35,12/16/25 6:04,1,,,,,,,,,,,
mcq15193791,mcq,TEAM_EXERCISE,342122,course session,14796,70690,,,148837,0,1,1,648959,has correct answer,347331,ŸÖÿß ŸÇŸäŸÖÿ© ÿ≥ÿü,1,image and text,1,MCQ,1356404,,1356403,0,12/16/25 6:04,12/16/25 6:05,6,1,557612,0,12/11/25 10:35,12/11/25 10:35,12/16/25 6:05,1,,,,,,,,,,,
mcq15194020,mcq,TEAM_EXERCISE,342122,course session,14796,70690,,,148837,0,1,1,647426,has correct answer,347331,ŸÖÿß ŸÇŸäŸÖÿ© ÿ≥ÿü,1,image and text,1,MCQ,1356404,,1356403,0,12/16/25 6:06,12/16/25 6:07,17,3,557612,0,12/11/25 10:35,12/11/25 10:35,12/16/25 6:07,1,,,,,,,,,,,
mcq15194028,mcq,TEAM_EXERCISE,342122,course session,14796,70690,,,148837,0,1,1,647433,has correct answer,347331,ŸÖÿß ŸÇŸäŸÖÿ© ÿ≥ÿü,1,image and text,1,MCQ,1356404,,1356403,0,12/16/25 6:07,12/16/25 6:07,22,1,557612,0,12/11/25 10:35,12/11/25 10:35,12/16/25 6:07,1,,,,,,,,,,,
mcq15193808,mcq,TEAM_EXERCISE,342122,course session,14796,70690,,,148837,0,1,1,647499,has correct answer,347331,ŸÖÿß ŸÇŸäŸÖÿ© ÿ≥ÿü,1,image and text,1,MCQ,1356404,,1356403,0,12/16/25 6:05,12/16/25 6:05,6,1,557612,0,12/11/25 10:35,12/11/25 10:35,12/16/25 6:05,1,,,,,,,,,,,
mcq15191255,mcq,SECTION_CHECK,342125,course session,14796,70690,,,148839,0,1,1,648953,has correct answer,339211,<div>ŸÅŸâ ÿßŸÑÿ¥ŸÉŸÑ ÿßŸÑÿ™ÿßŸÑŸâ ÿØÿßÿ¶ÿ±ÿ© ŸÜÿµŸÅ ŸÇÿ∑ÿ±Ÿáÿß Ÿ£ ÿ≥ŸÖ ÿå</div><div>ŸÉŸÖ ÿ≥ŸÜÿ™ŸÖÿ™ÿ±ÿßŸã ŸÖÿ≥ÿßÿ≠ÿ© ÿßŸÑÿ¨ÿ≤ÿ° ÿßŸÑŸÖÿ∏ŸÑŸÑ ÿü</div>,1,image and text,0,MCQ,1326233,,1326232,0,12/16/25 5:51,12/16/25 5:52,60,2,557612,0,12/11/25 10:35,12/11/25 10:35,12/16/25 5:52,1,,,,,,,,,,,
mcq15191221,mcq,SECTION_CHECK,342125,course session,14796,70690,,,148839,0,1,1,647748,has correct answer,339211,<div>ŸÅŸâ ÿßŸÑÿ¥ŸÉŸÑ ÿßŸÑÿ™ÿßŸÑŸâ ÿØÿßÿ¶ÿ±ÿ© ŸÜÿµŸÅ ŸÇÿ∑ÿ±Ÿáÿß Ÿ£ ÿ≥ŸÖ ÿå</div><div>ŸÉŸÖ ÿ≥ŸÜÿ™ŸÖÿ™ÿ±ÿßŸã ŸÖÿ≥ÿßÿ≠ÿ© ÿßŸÑÿ¨ÿ≤ÿ° ÿßŸÑŸÖÿ∏ŸÑŸÑ ÿü</div>,1,image and text,0,MCQ,1326235,,1326232,0,12/16/25 5:51,12/16/25 5:52,60,1,557612,0,12/11/25 10:35,12/11/25 10:35,12/16/25 5:52,1,,,,,,,,,,,
mcq15191215,mcq,SECTION_CHECK,342125,course session,14796,70690,,,148839,0,1,1,647496,has correct answer,339211,<div>ŸÅŸâ ÿßŸÑÿ¥ŸÉŸÑ ÿßŸÑÿ™ÿßŸÑŸâ ÿØÿßÿ¶ÿ±ÿ© ŸÜÿµŸÅ ŸÇÿ∑ÿ±Ÿáÿß Ÿ£ ÿ≥ŸÖ ÿå</div><div>ŸÉŸÖ ÿ≥ŸÜÿ™ŸÖÿ™ÿ±ÿßŸã ŸÖÿ≥ÿßÿ≠ÿ© ÿßŸÑÿ¨ÿ≤ÿ° ÿßŸÑŸÖÿ∏ŸÑŸÑ ÿü</div>,1,image and text,0,MCQ,1326232,,1326232,1,12/16/25 5:51,12/16/25 5:52,60,1,557612,0,12/11/25 10:35,12/11/25 10:35,12/16/25 5:52,1,,,,,,,,,,,
mcq15191218,mcq,SECTION_CHECK,342125,course session,14796,70690,,,148839,0,0,0,652940,has correct answer,339211,<div>ŸÅŸâ ÿßŸÑÿ¥ŸÉŸÑ ÿßŸÑÿ™ÿßŸÑŸâ ÿØÿßÿ¶ÿ±ÿ© ŸÜÿµŸÅ ŸÇÿ∑ÿ±Ÿáÿß Ÿ£ ÿ≥ŸÖ ÿå</div><div>ŸÉŸÖ ÿ≥ŸÜÿ™ŸÖÿ™ÿ±ÿßŸã ŸÖÿ≥ÿßÿ≠ÿ© ÿßŸÑÿ¨ÿ≤ÿ° ÿßŸÑŸÖÿ∏ŸÑŸÑ ÿü</div>,1,image and text,0,MCQ,-1,,1326232,,12/16/25 5:51,12/16/25 5:51,,0,557612,0,12/11/25 10:35,12/11/25 10:35,,1,,,,,,,,,,,
mcq15191214,mcq,SECTION_CHECK,342125,course session,14796,70690,,,148839,0,1,1,647433,has correct answer,339211,<div>ŸÅŸâ ÿßŸÑÿ¥ŸÉŸÑ ÿßŸÑÿ™ÿßŸÑŸâ ÿØÿßÿ¶ÿ±ÿ© ŸÜÿµŸÅ ŸÇÿ∑ÿ±Ÿáÿß Ÿ£ ÿ≥ŸÖ ÿå</div><div>ŸÉŸÖ ÿ≥ŸÜÿ™ŸÖÿ™ÿ±ÿßŸã ŸÖÿ≥ÿßÿ≠ÿ© ÿßŸÑÿ¨ÿ≤ÿ° ÿßŸÑŸÖÿ∏ŸÑŸÑ ÿü</div>,1,image and text,0,MCQ,1326234,,1326232,0,12/16/25 5:51,12/16/25 5:52,60,1,557612,0,12/11/25 10:35,12/11/25 10:35,12/16/25 5:52,1,,,,,,,,,,,
mcq15191260,mcq,SECTION_CHECK,342125,course session,14796,70690,,,148839,0,1,1,647426,has correct answer,339211,<div>ŸÅŸâ ÿßŸÑÿ¥ŸÉŸÑ ÿßŸÑÿ™ÿßŸÑŸâ ÿØÿßÿ¶ÿ±ÿ© ŸÜÿµŸÅ ŸÇÿ∑ÿ±Ÿáÿß Ÿ£ ÿ≥ŸÖ ÿå</div><div>ŸÉŸÖ ÿ≥ŸÜÿ™ŸÖÿ™ÿ±ÿßŸã ŸÖÿ≥ÿßÿ≠ÿ© ÿßŸÑÿ¨ÿ≤ÿ° ÿßŸÑŸÖÿ∏ŸÑŸÑ ÿü</div>,1,image and text,0,MCQ,1326232,,1326232,1,12/16/25 5:51,12/16/25 5:52,60,2,557612,0,12/11/25 10:35,12/11/25 10:35,12/16/25 5:52,1,,,,,,,,,,,
mcq15191287,mcq,SECTION_CHECK,342125,course session,14796,70690,,,148839,0,1,1,647411,has correct answer,339211,<div>ŸÅŸâ ÿßŸÑÿ¥ŸÉŸÑ ÿßŸÑÿ™ÿßŸÑŸâ ÿØÿßÿ¶ÿ±ÿ© ŸÜÿµŸÅ ŸÇÿ∑ÿ±Ÿáÿß Ÿ£ ÿ≥ŸÖ ÿå</div><div>ŸÉŸÖ ÿ≥ŸÜÿ™ŸÖÿ™ÿ±ÿßŸã ŸÖÿ≥ÿßÿ≠ÿ© ÿßŸÑÿ¨ÿ≤ÿ° ÿßŸÑŸÖÿ∏ŸÑŸÑ ÿü</div>,1,image and text,0,MCQ,1326234,,1326232,0,12/16/25 5:51,12/16/25 5:52,60,2,557612,0,12/11/25 10:35,12/11/25 10:35,12/16/25 5:52,1,,,,,,,,,,,
mcq15191217,mcq,SECTION_CHECK,342125,course session,14796,70690,,,148839,0,0,0,652938,has correct answer,339211,<div>ŸÅŸâ ÿßŸÑÿ¥ŸÉŸÑ ÿßŸÑÿ™ÿßŸÑŸâ ÿØÿßÿ¶ÿ±ÿ© ŸÜÿµŸÅ ŸÇÿ∑ÿ±Ÿáÿß Ÿ£ ÿ≥ŸÖ ÿå</div><div>ŸÉŸÖ ÿ≥ŸÜÿ™ŸÖÿ™ÿ±ÿßŸã ŸÖÿ≥ÿßÿ≠ÿ© ÿßŸÑÿ¨ÿ≤ÿ° ÿßŸÑŸÖÿ∏ŸÑŸÑ ÿü</div>,1,image and text,0,MCQ,-1,,1326232,,12/16/25 5:51,12/16/25 5:51,,0,557612,0,12/11/25 10:35,12/11/25 10:35,,1,,,,,,,,,,,
mcq15191224,mcq,SECTION_CHECK,342125,course session,14796,70690,,,148839,0,1,1,652958,has correct answer,339211,<div>ŸÅŸâ ÿßŸÑÿ¥ŸÉŸÑ ÿßŸÑÿ™ÿßŸÑŸâ ÿØÿßÿ¶ÿ±ÿ© ŸÜÿµŸÅ ŸÇÿ∑ÿ±Ÿáÿß Ÿ£ ÿ≥ŸÖ ÿå</div><div>ŸÉŸÖ ÿ≥ŸÜÿ™ŸÖÿ™ÿ±ÿßŸã ŸÖÿ≥ÿßÿ≠ÿ© ÿßŸÑÿ¨ÿ≤ÿ° ÿßŸÑŸÖÿ∏ŸÑŸÑ ÿü</div>,1,image and text,0,MCQ,1326235,,1326232,0,12/16/25 5:51,12/16/25 5:52,60,1,557612,0,12/11/25 10:35,12/11/25 10:35,12/16/25 5:52,1,,,,,,,,,,,
mcq15191374,mcq,SECTION_CHECK,342125,course session,14796,70690,,,148839,0,1,1,648959,has correct answer,339211,<div>ŸÅŸâ ÿßŸÑÿ¥ŸÉŸÑ ÿßŸÑÿ™ÿßŸÑŸâ ÿØÿßÿ¶ÿ±ÿ© ŸÜÿµŸÅ ŸÇÿ∑ÿ±Ÿáÿß Ÿ£ ÿ≥ŸÖ ÿå</div><div>ŸÉŸÖ ÿ≥ŸÜÿ™ŸÖÿ™ÿ±ÿßŸã ŸÖÿ≥ÿßÿ≠ÿ© ÿßŸÑÿ¨ÿ≤ÿ° ÿßŸÑŸÖÿ∏ŸÑŸÑ ÿü</div>,1,image and text,0,MCQ,1326232,,1326232,1,12/16/25 5:51,12/16/25 5:52,60,4,557612,0,12/11/25 10:35,12/11/25 10:35,12/16/25 5:52,1,,,,,,,,,,,
mcq15191226,mcq,SECTION_CHECK,342125,course session,14796,70690,,,148839,0,1,1,647404,has correct answer,339211,<div>ŸÅŸâ ÿßŸÑÿ¥ŸÉŸÑ ÿßŸÑÿ™ÿßŸÑŸâ ÿØÿßÿ¶ÿ±ÿ© ŸÜÿµŸÅ ŸÇÿ∑ÿ±Ÿáÿß Ÿ£ ÿ≥ŸÖ ÿå</div><div>ŸÉŸÖ ÿ≥ŸÜÿ™ŸÖÿ™ÿ±ÿßŸã ŸÖÿ≥ÿßÿ≠ÿ© ÿßŸÑÿ¨ÿ≤ÿ° ÿßŸÑŸÖÿ∏ŸÑŸÑ ÿü</div>,1,image and text,0,MCQ,1326234,,1326232,0,12/16/25 5:51,12/16/25 5:52,60,1,557612,0,12/11/25 10:35,12/11/25 10:35,12/16/25 5:52,1,,,,,,,,,,,
mcq15191216,mcq,SECTION_CHECK,342125,course session,14796,70690,,,148839,0,1,1,647499,has correct answer,339211,<div>ŸÅŸâ ÿßŸÑÿ¥ŸÉŸÑ ÿßŸÑÿ™ÿßŸÑŸâ ÿØÿßÿ¶ÿ±ÿ© ŸÜÿµŸÅ ŸÇÿ∑ÿ±Ÿáÿß Ÿ£ ÿ≥ŸÖ ÿå</div><div>ŸÉŸÖ ÿ≥ŸÜÿ™ŸÖÿ™ÿ±ÿßŸã ŸÖÿ≥ÿßÿ≠ÿ© ÿßŸÑÿ¨ÿ≤ÿ° ÿßŸÑŸÖÿ∏ŸÑŸÑ ÿü</div>,1,image and text,0,MCQ,1326235,,1326232,0,12/16/25 5:51,12/16/25 5:52,60,1,557612,0,12/11/25 10:35,12/11/25 10:35,12/16/25 5:52,1,,,,,,,,,,,
mcq15191229,mcq,SECTION_CHECK,342125,course session,14796,70690,,,148839,0,0,0,647295,has correct answer,339211,<div>ŸÅŸâ ÿßŸÑÿ¥ŸÉŸÑ ÿßŸÑÿ™ÿßŸÑŸâ ÿØÿßÿ¶ÿ±ÿ© ŸÜÿµŸÅ ŸÇÿ∑ÿ±Ÿáÿß Ÿ£ ÿ≥ŸÖ ÿå</div><div>ŸÉŸÖ ÿ≥ŸÜÿ™ŸÖÿ™ÿ±ÿßŸã ŸÖÿ≥ÿßÿ≠ÿ© ÿßŸÑÿ¨ÿ≤ÿ° ÿßŸÑŸÖÿ∏ŸÑŸÑ ÿü</div>,1,image and text,0,MCQ,-1,,1326232,,12/16/25 5:51,12/16/25 5:51,,0,557612,0,12/11/25 10:35,12/11/25 10:35,,1,,,,,,,,,,,
mcq15191281,mcq,SECTION_CHECK,342125,course session,14796,70690,,,148839,0,1,1,648986,has correct answer,339211,<div>ŸÅŸâ ÿßŸÑÿ¥ŸÉŸÑ ÿßŸÑÿ™ÿßŸÑŸâ ÿØÿßÿ¶ÿ±ÿ© ŸÜÿµŸÅ ŸÇÿ∑ÿ±Ÿáÿß Ÿ£ ÿ≥ŸÖ ÿå</div><div>ŸÉŸÖ ÿ≥ŸÜÿ™ŸÖÿ™ÿ±ÿßŸã ŸÖÿ≥ÿßÿ≠ÿ© ÿßŸÑÿ¨ÿ≤ÿ° ÿßŸÑŸÖÿ∏ŸÑŸÑ ÿü</div>,1,image and text,0,MCQ,1326232,,1326232,1,12/16/25 5:51,12/16/25 5:52,60,4,557612,0,12/11/25 10:35,12/11/25 10:35,12/16/25 5:52,1,,,,,,,,,,,
mcq15191219,mcq,SECTION_CHECK,342125,course session,14796,70690,,,148839,0,0,0,652929,has correct answer,339211,<div>ŸÅŸâ ÿßŸÑÿ¥ŸÉŸÑ ÿßŸÑÿ™ÿßŸÑŸâ ÿØÿßÿ¶ÿ±ÿ© ŸÜÿµŸÅ ŸÇÿ∑ÿ±Ÿáÿß Ÿ£ ÿ≥ŸÖ ÿå</div><div>ŸÉŸÖ ÿ≥ŸÜÿ™ŸÖÿ™ÿ±ÿßŸã ŸÖÿ≥ÿßÿ≠ÿ© ÿßŸÑÿ¨ÿ≤ÿ° ÿßŸÑŸÖÿ∏ŸÑŸÑ ÿü</div>,1,image and text,0,MCQ,-1,,1326232,,12/16/25 5:51,12/16/25 5:51,,0,557612,0,12/11/25 10:35,12/11/25 10:35,,1,,,,,,,,,,,
mcq15191378,mcq,SECTION_CHECK,342125,course session,14796,70690,,,148839,0,1,1,657525,has correct answer,339211,<div>ŸÅŸâ ÿßŸÑÿ¥ŸÉŸÑ ÿßŸÑÿ™ÿßŸÑŸâ ÿØÿßÿ¶ÿ±ÿ© ŸÜÿµŸÅ ŸÇÿ∑ÿ±Ÿáÿß Ÿ£ ÿ≥ŸÖ ÿå</div><div>ŸÉŸÖ ÿ≥ŸÜÿ™ŸÖÿ™ÿ±ÿßŸã ŸÖÿ≥ÿßÿ≠ÿ© ÿßŸÑÿ¨ÿ≤ÿ° ÿßŸÑŸÖÿ∏ŸÑŸÑ ÿü</div>,1,image and text,0,MCQ,1326233,,1326232,0,12/16/25 5:51,12/16/25 5:52,60,3,557612,0,12/11/25 10:35,12/11/25 10:35,12/16/25 5:52,1,,,,,,,,,,,
mcq15191377,mcq,SECTION_CHECK,342125,course session,14796,70690,,,148839,0,1,1,651452,has correct answer,339211,<div>ŸÅŸâ ÿßŸÑÿ¥ŸÉŸÑ ÿßŸÑÿ™ÿßŸÑŸâ ÿØÿßÿ¶ÿ±ÿ© ŸÜÿµŸÅ ŸÇÿ∑ÿ±Ÿáÿß Ÿ£ ÿ≥ŸÖ ÿå</div><div>ŸÉŸÖ ÿ≥ŸÜÿ™ŸÖÿ™ÿ±ÿßŸã ŸÖÿ≥ÿßÿ≠ÿ© ÿßŸÑÿ¨ÿ≤ÿ° ÿßŸÑŸÖÿ∏ŸÑŸÑ ÿü</div>,1,image and text,0,MCQ,1326232,,1326232,1,12/16/25 5:51,12/16/25 5:52,60,3,557612,0,12/11/25 10:35,12/11/25 10:35,12/16/25 5:52,1,,,,,,,,,,,
mcq15191225,mcq,SECTION_CHECK,342125,course session,14796,70690,,,148839,0,0,0,647504,has correct answer,339211,<div>ŸÅŸâ ÿßŸÑÿ¥ŸÉŸÑ ÿßŸÑÿ™ÿßŸÑŸâ ÿØÿßÿ¶ÿ±ÿ© ŸÜÿµŸÅ ŸÇÿ∑ÿ±Ÿáÿß Ÿ£ ÿ≥ŸÖ ÿå</div><div>ŸÉŸÖ ÿ≥ŸÜÿ™ŸÖÿ™ÿ±ÿßŸã ŸÖÿ≥ÿßÿ≠ÿ© ÿßŸÑÿ¨ÿ≤ÿ° ÿßŸÑŸÖÿ∏ŸÑŸÑ ÿü</div>,1,image and text,0,MCQ,-1,,1326232,,12/16/25 5:51,12/16/25 5:51,,0,557612,0,12/11/25 10:35,12/11/25 10:35,,1,,,,,,,,,,,
mcq15191379,mcq,SECTION_CHECK,342125,course session,14796,70690,,,148839,0,1,1,652934,has correct answer,339211,<div>ŸÅŸâ ÿßŸÑÿ¥ŸÉŸÑ ÿßŸÑÿ™ÿßŸÑŸâ ÿØÿßÿ¶ÿ±ÿ© ŸÜÿµŸÅ ŸÇÿ∑ÿ±Ÿáÿß Ÿ£ ÿ≥ŸÖ ÿå</div><div>ŸÉŸÖ ÿ≥ŸÜÿ™ŸÖÿ™ÿ±ÿßŸã ŸÖÿ≥ÿßÿ≠ÿ© ÿßŸÑÿ¨ÿ≤ÿ° ÿßŸÑŸÖÿ∏ŸÑŸÑ ÿü</div>,1,image and text,0,MCQ,1326235,,1326232,0,12/16/25 5:51,12/16/25 5:52,60,2,557612,0,12/11/25 10:35,12/11/25 10:35,12/16/25 5:52,1,,,,,,,,,,,
mcq15194300,mcq,TEAM_EXERCISE,342121,course session,14796,70690,,,148837,0,1,1,652933,has correct answer,334118,ŸÖÿ±ÿ®ÿπ ÿ∑ŸàŸÑ ÿ∂ŸÑÿπŸá Ÿ¶ ÿ≥ŸÖ ŸàÿØÿßÿÆŸÑŸá ÿ±ÿ®ÿπŸä ÿØÿßÿ¶ÿ±ÿ™ŸäŸÜ ŸÖÿ±ŸÉÿ≤ŸäŸáŸÖÿß ŸÖ ÿå ŸÜ ÿ±ÿ£ÿ≥Ÿä ÿßŸÑŸÖÿ±ÿ®ÿπ ŸÅÿ•ŸÜ ŸÖÿ¨ŸÖŸàÿπ ŸÜÿµŸÅŸä ŸÇÿ∑ÿ±Ÿä ÿ±ÿ®ÿπŸä&nbsp; ÿßŸÑÿØÿßÿ¶ÿ±ÿ™ŸäŸÜ = ......,1,image and text,1,MCQ,1307479,,1307481,0,12/16/25 6:08,12/16/25 6:08,3,2,557612,0,12/11/25 10:35,12/11/25 10:35,12/16/25 6:08,1,,,,,,,,,,,
mcq15193891,mcq,TEAM_EXERCISE,342121,course session,14796,70690,,,148837,0,1,1,647306,has correct answer,334118,ŸÖÿ±ÿ®ÿπ ÿ∑ŸàŸÑ ÿ∂ŸÑÿπŸá Ÿ¶ ÿ≥ŸÖ ŸàÿØÿßÿÆŸÑŸá ÿ±ÿ®ÿπŸä ÿØÿßÿ¶ÿ±ÿ™ŸäŸÜ ŸÖÿ±ŸÉÿ≤ŸäŸáŸÖÿß ŸÖ ÿå ŸÜ ÿ±ÿ£ÿ≥Ÿä ÿßŸÑŸÖÿ±ÿ®ÿπ ŸÅÿ•ŸÜ ŸÖÿ¨ŸÖŸàÿπ ŸÜÿµŸÅŸä ŸÇÿ∑ÿ±Ÿä ÿ±ÿ®ÿπŸä&nbsp; ÿßŸÑÿØÿßÿ¶ÿ±ÿ™ŸäŸÜ = ......,1,image and text,1,MCQ,1307481,,1307481,1,12/16/25 6:06,12/16/25 6:07,80,1,557612,0,12/11/25 10:35,12/11/25 10:35,12/16/25 6:07,1,,,,,,,,,,,
mcq15193871,mcq,TEAM_EXERCISE,342121,course session,14796,70690,,,148837,0,1,1,647404,has correct answer,334118,ŸÖÿ±ÿ®ÿπ ÿ∑ŸàŸÑ ÿ∂ŸÑÿπŸá Ÿ¶ ÿ≥ŸÖ ŸàÿØÿßÿÆŸÑŸá ÿ±ÿ®ÿπŸä ÿØÿßÿ¶ÿ±ÿ™ŸäŸÜ ŸÖÿ±ŸÉÿ≤ŸäŸáŸÖÿß ŸÖ ÿå ŸÜ ÿ±ÿ£ÿ≥Ÿä ÿßŸÑŸÖÿ±ÿ®ÿπ ŸÅÿ•ŸÜ ŸÖÿ¨ŸÖŸàÿπ ŸÜÿµŸÅŸä ŸÇÿ∑ÿ±Ÿä ÿ±ÿ®ÿπŸä&nbsp; ÿßŸÑÿØÿßÿ¶ÿ±ÿ™ŸäŸÜ = ......,1,image and text,1,MCQ,1307481,,1307481,1,12/16/25 6:05,12/16/25 6:06,24,1,557612,0,12/11/25 10:35,12/11/25 10:35,12/16/25 6:06,1,,,,,,,,,,,
mcq15193743,mcq,TEAM_EXERCISE,342121,course session,14796,70690,,,148837,0,1,1,652934,has correct answer,334118,ŸÖÿ±ÿ®ÿπ ÿ∑ŸàŸÑ ÿ∂ŸÑÿπŸá Ÿ¶ ÿ≥ŸÖ ŸàÿØÿßÿÆŸÑŸá ÿ±ÿ®ÿπŸä ÿØÿßÿ¶ÿ±ÿ™ŸäŸÜ ŸÖÿ±ŸÉÿ≤ŸäŸáŸÖÿß ŸÖ ÿå ŸÜ ÿ±ÿ£ÿ≥Ÿä ÿßŸÑŸÖÿ±ÿ®ÿπ ŸÅÿ•ŸÜ ŸÖÿ¨ŸÖŸàÿπ ŸÜÿµŸÅŸä ŸÇÿ∑ÿ±Ÿä ÿ±ÿ®ÿπŸä&nbsp; ÿßŸÑÿØÿßÿ¶ÿ±ÿ™ŸäŸÜ = ......,1,image and text,1,MCQ,1307478,,1307481,0,12/16/25 6:04,12/16/25 6:04,8,1,557612,0,12/11/25 10:35,12/11/25 10:35,12/16/25 6:04,1,,,,,,,,,,,
mcq15193842,mcq,TEAM_EXERCISE,342121,course session,14796,70690,,,148837,0,1,1,647496,has correct answer,334118,ŸÖÿ±ÿ®ÿπ ÿ∑ŸàŸÑ ÿ∂ŸÑÿπŸá Ÿ¶ ÿ≥ŸÖ ŸàÿØÿßÿÆŸÑŸá ÿ±ÿ®ÿπŸä ÿØÿßÿ¶ÿ±ÿ™ŸäŸÜ ŸÖÿ±ŸÉÿ≤ŸäŸáŸÖÿß ŸÖ ÿå ŸÜ ÿ±ÿ£ÿ≥Ÿä ÿßŸÑŸÖÿ±ÿ®ÿπ ŸÅÿ•ŸÜ ŸÖÿ¨ŸÖŸàÿπ ŸÜÿµŸÅŸä ŸÇÿ∑ÿ±Ÿä ÿ±ÿ®ÿπŸä&nbsp; ÿßŸÑÿØÿßÿ¶ÿ±ÿ™ŸäŸÜ = ......,1,image and text,1,MCQ,1307478,,1307481,0,12/16/25 6:05,12/16/25 6:06,80,1,557612,0,12/11/25 10:35,12/11/25 10:35,12/16/25 6:06,1,,,,,,,,,,,
mcq15193806,mcq,TEAM_EXERCISE,342121,course session,14796,70690,,,148837,0,1,1,652958,has correct answer,334118,ŸÖÿ±ÿ®ÿπ ÿ∑ŸàŸÑ ÿ∂ŸÑÿπŸá Ÿ¶ ÿ≥ŸÖ ŸàÿØÿßÿÆŸÑŸá ÿ±ÿ®ÿπŸä ÿØÿßÿ¶ÿ±ÿ™ŸäŸÜ ŸÖÿ±ŸÉÿ≤ŸäŸáŸÖÿß ŸÖ ÿå ŸÜ ÿ±ÿ£ÿ≥Ÿä ÿßŸÑŸÖÿ±ÿ®ÿπ ŸÅÿ•ŸÜ ŸÖÿ¨ŸÖŸàÿπ ŸÜÿµŸÅŸä ŸÇÿ∑ÿ±Ÿä ÿ±ÿ®ÿπŸä&nbsp; ÿßŸÑÿØÿßÿ¶ÿ±ÿ™ŸäŸÜ = ......,1,image and text,1,MCQ,1307480,,1307481,0,12/16/25 6:05,12/16/25 6:05,3,1,557612,0,12/11/25 10:35,12/11/25 10:35,12/16/25 6:05,1,,,,,,,,,,,
mcq15193836,mcq,TEAM_EXERCISE,342121,course session,14796,70690,,,148837,0,0,0,647748,has correct answer,334118,ŸÖÿ±ÿ®ÿπ ÿ∑ŸàŸÑ ÿ∂ŸÑÿπŸá Ÿ¶ ÿ≥ŸÖ ŸàÿØÿßÿÆŸÑŸá ÿ±ÿ®ÿπŸä ÿØÿßÿ¶ÿ±ÿ™ŸäŸÜ ŸÖÿ±ŸÉÿ≤ŸäŸáŸÖÿß ŸÖ ÿå ŸÜ ÿ±ÿ£ÿ≥Ÿä ÿßŸÑŸÖÿ±ÿ®ÿπ ŸÅÿ•ŸÜ ŸÖÿ¨ŸÖŸàÿπ ŸÜÿµŸÅŸä ŸÇÿ∑ÿ±Ÿä ÿ±ÿ®ÿπŸä&nbsp; ÿßŸÑÿØÿßÿ¶ÿ±ÿ™ŸäŸÜ = ......,1,image and text,1,MCQ,-1,,1307481,,12/16/25 6:05,12/16/25 6:05,,0,557612,0,12/11/25 10:35,12/11/25 10:35,,1,,,,,,,,,,,
mcq15193781,mcq,TEAM_EXERCISE,342121,course session,14796,70690,,,148837,0,1,1,648959,has correct answer,334118,ŸÖÿ±ÿ®ÿπ ÿ∑ŸàŸÑ ÿ∂ŸÑÿπŸá Ÿ¶ ÿ≥ŸÖ ŸàÿØÿßÿÆŸÑŸá ÿ±ÿ®ÿπŸä ÿØÿßÿ¶ÿ±ÿ™ŸäŸÜ ŸÖÿ±ŸÉÿ≤ŸäŸáŸÖÿß ŸÖ ÿå ŸÜ ÿ±ÿ£ÿ≥Ÿä ÿßŸÑŸÖÿ±ÿ®ÿπ ŸÅÿ•ŸÜ ŸÖÿ¨ŸÖŸàÿπ ŸÜÿµŸÅŸä ŸÇÿ∑ÿ±Ÿä ÿ±ÿ®ÿπŸä&nbsp; ÿßŸÑÿØÿßÿ¶ÿ±ÿ™ŸäŸÜ = ......,1,image and text,1,MCQ,1307478,,1307481,0,12/16/25 6:04,12/16/25 6:04,13,4,557612,0,12/11/25 10:35,12/11/25 10:35,12/16/25 6:04,1,,,,,,,,,,,
mcq15193811,mcq,TEAM_EXERCISE,342121,course session,14796,70690,,,148837,0,1,1,651452,has correct answer,334118,ŸÖÿ±ÿ®ÿπ ÿ∑ŸàŸÑ ÿ∂ŸÑÿπŸá Ÿ¶ ÿ≥ŸÖ ŸàÿØÿßÿÆŸÑŸá ÿ±ÿ®ÿπŸä ÿØÿßÿ¶ÿ±ÿ™ŸäŸÜ ŸÖÿ±ŸÉÿ≤ŸäŸáŸÖÿß ŸÖ ÿå ŸÜ ÿ±ÿ£ÿ≥Ÿä ÿßŸÑŸÖÿ±ÿ®ÿπ ŸÅÿ•ŸÜ ŸÖÿ¨ŸÖŸàÿπ ŸÜÿµŸÅŸä ŸÇÿ∑ÿ±Ÿä ÿ±ÿ®ÿπŸä&nbsp; ÿßŸÑÿØÿßÿ¶ÿ±ÿ™ŸäŸÜ = ......,1,image and text,1,MCQ,1307481,,1307481,1,12/16/25 6:05,12/16/25 6:05,30,1,557612,0,12/11/25 10:35,12/11/25 10:35,12/16/25 6:05,1,,,,,,,,,,,
mcq15193888,mcq,TEAM_EXERCISE,342121,course session,14796,70690,,,148837,0,1,1,647433,has correct answer,334118,ŸÖÿ±ÿ®ÿπ ÿ∑ŸàŸÑ ÿ∂ŸÑÿπŸá Ÿ¶ ÿ≥ŸÖ ŸàÿØÿßÿÆŸÑŸá ÿ±ÿ®ÿπŸä ÿØÿßÿ¶ÿ±ÿ™ŸäŸÜ ŸÖÿ±ŸÉÿ≤ŸäŸáŸÖÿß ŸÖ ÿå ŸÜ ÿ±ÿ£ÿ≥Ÿä ÿßŸÑŸÖÿ±ÿ®ÿπ ŸÅÿ•ŸÜ ŸÖÿ¨ŸÖŸàÿπ ŸÜÿµŸÅŸä ŸÇÿ∑ÿ±Ÿä ÿ±ÿ®ÿπŸä&nbsp; ÿßŸÑÿØÿßÿ¶ÿ±ÿ™ŸäŸÜ = ......,1,image and text,1,MCQ,1307481,,1307481,1,12/16/25 6:06,12/16/25 6:07,66,1,557612,0,12/11/25 10:35,12/11/25 10:35,12/16/25 6:07,1,,,,,,,,,,,
mcq15194290,mcq,TEAM_EXERCISE,342121,course session,14796,70690,,,148837,0,1,1,647739,has correct answer,334118,ŸÖÿ±ÿ®ÿπ ÿ∑ŸàŸÑ ÿ∂ŸÑÿπŸá Ÿ¶ ÿ≥ŸÖ ŸàÿØÿßÿÆŸÑŸá ÿ±ÿ®ÿπŸä ÿØÿßÿ¶ÿ±ÿ™ŸäŸÜ ŸÖÿ±ŸÉÿ≤ŸäŸáŸÖÿß ŸÖ ÿå ŸÜ ÿ±ÿ£ÿ≥Ÿä ÿßŸÑŸÖÿ±ÿ®ÿπ ŸÅÿ•ŸÜ ŸÖÿ¨ŸÖŸàÿπ ŸÜÿµŸÅŸä ŸÇÿ∑ÿ±Ÿä ÿ±ÿ®ÿπŸä&nbsp; ÿßŸÑÿØÿßÿ¶ÿ±ÿ™ŸäŸÜ = ......,1,image and text,1,MCQ,1307479,,1307481,0,12/16/25 6:08,12/16/25 6:08,3,1,557612,0,12/11/25 10:35,12/11/25 10:35,12/16/25 6:08,1,,,,,,,,,,,
mcq15194007,mcq,TEAM_EXERCISE,342121,course session,14796,70690,,,148837,0,1,1,647411,has correct answer,334118,ŸÖÿ±ÿ®ÿπ ÿ∑ŸàŸÑ ÿ∂ŸÑÿπŸá Ÿ¶ ÿ≥ŸÖ ŸàÿØÿßÿÆŸÑŸá ÿ±ÿ®ÿπŸä ÿØÿßÿ¶ÿ±ÿ™ŸäŸÜ ŸÖÿ±ŸÉÿ≤ŸäŸáŸÖÿß ŸÖ ÿå ŸÜ ÿ±ÿ£ÿ≥Ÿä ÿßŸÑŸÖÿ±ÿ®ÿπ ŸÅÿ•ŸÜ ŸÖÿ¨ŸÖŸàÿπ ŸÜÿµŸÅŸä ŸÇÿ∑ÿ±Ÿä ÿ±ÿ®ÿπŸä&nbsp; ÿßŸÑÿØÿßÿ¶ÿ±ÿ™ŸäŸÜ = ......,1,image and text,1,MCQ,1307479,,1307481,0,12/16/25 6:05,12/16/25 6:07,66,6,557612,0,12/11/25 10:35,12/11/25 10:35,12/16/25 6:07,1,,,,,,,,,,,
mcq15193941,mcq,TEAM_EXERCISE,342121,course session,14796,70690,,,148837,0,1,1,647426,has correct answer,334118,ŸÖÿ±ÿ®ÿπ ÿ∑ŸàŸÑ ÿ∂ŸÑÿπŸá Ÿ¶ ÿ≥ŸÖ ŸàÿØÿßÿÆŸÑŸá ÿ±ÿ®ÿπŸä ÿØÿßÿ¶ÿ±ÿ™ŸäŸÜ ŸÖÿ±ŸÉÿ≤ŸäŸáŸÖÿß ŸÖ ÿå ŸÜ ÿ±ÿ£ÿ≥Ÿä ÿßŸÑŸÖÿ±ÿ®ÿπ ŸÅÿ•ŸÜ ŸÖÿ¨ŸÖŸàÿπ ŸÜÿµŸÅŸä ŸÇÿ∑ÿ±Ÿä ÿ±ÿ®ÿπŸä&nbsp; ÿßŸÑÿØÿßÿ¶ÿ±ÿ™ŸäŸÜ = ......,1,image and text,1,MCQ,1307479,,1307481,0,12/16/25 6:06,12/16/25 6:06,18,1,557612,0,12/11/25 10:35,12/11/25 10:35,12/16/25 6:06,1,,,,,,,,,,,
mcq15193940,mcq,TEAM_EXERCISE,342121,course session,14796,70690,,,148837,0,1,1,648953,has correct answer,334118,ŸÖÿ±ÿ®ÿπ ÿ∑ŸàŸÑ ÿ∂ŸÑÿπŸá Ÿ¶ ÿ≥ŸÖ ŸàÿØÿßÿÆŸÑŸá ÿ±ÿ®ÿπŸä ÿØÿßÿ¶ÿ±ÿ™ŸäŸÜ ŸÖÿ±ŸÉÿ≤ŸäŸáŸÖÿß ŸÖ ÿå ŸÜ ÿ±ÿ£ÿ≥Ÿä ÿßŸÑŸÖÿ±ÿ®ÿπ ŸÅÿ•ŸÜ ŸÖÿ¨ŸÖŸàÿπ ŸÜÿµŸÅŸä ŸÇÿ∑ÿ±Ÿä ÿ±ÿ®ÿπŸä&nbsp; ÿßŸÑÿØÿßÿ¶ÿ±ÿ™ŸäŸÜ = ......,1,image and text,1,MCQ,1307481,,1307481,1,12/16/25 6:06,12/16/25 6:06,6,5,557612,0,12/11/25 10:35,12/11/25 10:35,12/16/25 6:06,1,,,,,,,,,,,
mcq15193762,mcq,TEAM_EXERCISE,342121,course session,14796,70690,,,148837,0,1,1,652940,has correct answer,334118,ŸÖÿ±ÿ®ÿπ ÿ∑ŸàŸÑ ÿ∂ŸÑÿπŸá Ÿ¶ ÿ≥ŸÖ ŸàÿØÿßÿÆŸÑŸá ÿ±ÿ®ÿπŸä ÿØÿßÿ¶ÿ±ÿ™ŸäŸÜ ŸÖÿ±ŸÉÿ≤ŸäŸáŸÖÿß ŸÖ ÿå ŸÜ ÿ±ÿ£ÿ≥Ÿä ÿßŸÑŸÖÿ±ÿ®ÿπ ŸÅÿ•ŸÜ ŸÖÿ¨ŸÖŸàÿπ ŸÜÿµŸÅŸä ŸÇÿ∑ÿ±Ÿä ÿ±ÿ®ÿπŸä&nbsp; ÿßŸÑÿØÿßÿ¶ÿ±ÿ™ŸäŸÜ = ......,1,image and text,1,MCQ,1307481,,1307481,1,12/16/25 6:04,12/16/25 6:04,9,4,557612,0,12/11/25 10:35,12/11/25 10:35,12/16/25 6:04,1,,,,,,,,,,,
mcq15193789,mcq,TEAM_EXERCISE,342121,course session,14796,70690,,,148837,0,1,1,647499,has correct answer,334118,ŸÖÿ±ÿ®ÿπ ÿ∑ŸàŸÑ ÿ∂ŸÑÿπŸá Ÿ¶ ÿ≥ŸÖ ŸàÿØÿßÿÆŸÑŸá ÿ±ÿ®ÿπŸä ÿØÿßÿ¶ÿ±ÿ™ŸäŸÜ ŸÖÿ±ŸÉÿ≤ŸäŸáŸÖÿß ŸÖ ÿå ŸÜ ÿ±ÿ£ÿ≥Ÿä ÿßŸÑŸÖÿ±ÿ®ÿπ ŸÅÿ•ŸÜ ŸÖÿ¨ŸÖŸàÿπ ŸÜÿµŸÅŸä ŸÇÿ∑ÿ±Ÿä ÿ±ÿ®ÿπŸä&nbsp; ÿßŸÑÿØÿßÿ¶ÿ±ÿ™ŸäŸÜ = ......,1,image and text,1,MCQ,1307480,,1307481,0,12/16/25 6:04,12/16/25 6:05,9,1,557612,0,12/11/25 10:35,12/11/25 10:35,12/16/25 6:05,1,,,,,,,,,,,
mcq15193825,mcq,TEAM_EXERCISE,342121,course session,14796,70690,,,148837,0,1,1,657525,has correct answer,334118,ŸÖÿ±ÿ®ÿπ ÿ∑ŸàŸÑ ÿ∂ŸÑÿπŸá Ÿ¶ ÿ≥ŸÖ ŸàÿØÿßÿÆŸÑŸá ÿ±ÿ®ÿπŸä ÿØÿßÿ¶ÿ±ÿ™ŸäŸÜ ŸÖÿ±ŸÉÿ≤ŸäŸáŸÖÿß ŸÖ ÿå ŸÜ ÿ±ÿ£ÿ≥Ÿä ÿßŸÑŸÖÿ±ÿ®ÿπ ŸÅÿ•ŸÜ ŸÖÿ¨ŸÖŸàÿπ ŸÜÿµŸÅŸä ŸÇÿ∑ÿ±Ÿä ÿ±ÿ®ÿπŸä&nbsp; ÿßŸÑÿØÿßÿ¶ÿ±ÿ™ŸäŸÜ = ......,1,image and text,1,MCQ,1307481,,1307481,1,12/16/25 6:05,12/16/25 6:06,53,1,557612,0,12/11/25 10:35,12/11/25 10:35,12/16/25 6:06,1,,,,,,,,,,,
mcq15194063,mcq,TEAM_EXERCISE,342121,course session,14796,70690,,,148837,0,0,0,648951,has correct answer,334118,ŸÖÿ±ÿ®ÿπ ÿ∑ŸàŸÑ ÿ∂ŸÑÿπŸá Ÿ¶ ÿ≥ŸÖ ŸàÿØÿßÿÆŸÑŸá ÿ±ÿ®ÿπŸä ÿØÿßÿ¶ÿ±ÿ™ŸäŸÜ ŸÖÿ±ŸÉÿ≤ŸäŸáŸÖÿß ŸÖ ÿå ŸÜ ÿ±ÿ£ÿ≥Ÿä ÿßŸÑŸÖÿ±ÿ®ÿπ ŸÅÿ•ŸÜ ŸÖÿ¨ŸÖŸàÿπ ŸÜÿµŸÅŸä ŸÇÿ∑ÿ±Ÿä ÿ±ÿ®ÿπŸä&nbsp; ÿßŸÑÿØÿßÿ¶ÿ±ÿ™ŸäŸÜ = ......,1,image and text,1,MCQ,-1,,1307481,,12/16/25 6:07,12/16/25 6:07,,1,557612,0,12/11/25 10:35,12/11/25 10:35,,1,,,,,,,,,,,
mcq15190258,mcq,SECTION_CHECK,342126,course session,14796,70690,,,148840,0,1,1,647499,has correct answer,339432,<div>ÿ£Ÿàÿ¨ÿØ ÿ∑ŸàŸÑ ŸÜÿµŸÅ ÿßŸÑŸÇÿ∑ÿ±</div><div><br></div><div>ÿ•ÿ∞ÿß ŸÉÿßŸÜÿ™ ÿ£ÿ® ŸÇÿ∑ÿ± ÿßŸÑÿØÿßÿ¶ÿ±ÿ© :</div>,1,image and text,0,MCQ,1326975,,1326976,0,12/16/25 5:48,12/16/25 5:49,60,1,557612,0,12/11/25 10:35,12/11/25 10:35,12/16/25 5:49,1,,,,,,,,,,,
mcq15190270,mcq,SECTION_CHECK,342126,course session,14796,70690,,,148840,0,0,0,647295,has correct answer,339432,<div>ÿ£Ÿàÿ¨ÿØ ÿ∑ŸàŸÑ ŸÜÿµŸÅ ÿßŸÑŸÇÿ∑ÿ±</div><div><br></div><div>ÿ•ÿ∞ÿß ŸÉÿßŸÜÿ™ ÿ£ÿ® ŸÇÿ∑ÿ± ÿßŸÑÿØÿßÿ¶ÿ±ÿ© :</div>,1,image and text,0,MCQ,-1,,1326976,,12/16/25 5:48,12/16/25 5:48,,0,557612,0,12/11/25 10:35,12/11/25 10:35,,1,,,,,,,,,,,
mcq15190260,mcq,SECTION_CHECK,342126,course session,14796,70690,,,148840,0,0,0,652940,has correct answer,339432,<div>ÿ£Ÿàÿ¨ÿØ ÿ∑ŸàŸÑ ŸÜÿµŸÅ ÿßŸÑŸÇÿ∑ÿ±</div><div><br></div><div>ÿ•ÿ∞ÿß ŸÉÿßŸÜÿ™ ÿ£ÿ® ŸÇÿ∑ÿ± ÿßŸÑÿØÿßÿ¶ÿ±ÿ© :</div>,1,image and text,0,MCQ,-1,,1326976,,12/16/25 5:48,12/16/25 5:48,,0,557612,0,12/11/25 10:35,12/11/25 10:35,,1,,,,,,,,,,,
mcq15190309,mcq,SECTION_CHECK,342126,course session,14796,70690,,,148840,0,1,1,647411,has correct answer,339432,<div>ÿ£Ÿàÿ¨ÿØ ÿ∑ŸàŸÑ ŸÜÿµŸÅ ÿßŸÑŸÇÿ∑ÿ±</div><div><br></div><div>ÿ•ÿ∞ÿß ŸÉÿßŸÜÿ™ ÿ£ÿ® ŸÇÿ∑ÿ± ÿßŸÑÿØÿßÿ¶ÿ±ÿ© :</div>,1,image and text,0,MCQ,1326976,,1326976,1,12/16/25 5:48,12/16/25 5:48,60,2,557612,0,12/11/25 10:35,12/11/25 10:35,12/16/25 5:48,1,,,,,,,,,,,
mcq15190262,mcq,SECTION_CHECK,342126,course session,14796,70690,,,148840,0,1,1,647426,has correct answer,339432,<div>ÿ£Ÿàÿ¨ÿØ ÿ∑ŸàŸÑ ŸÜÿµŸÅ ÿßŸÑŸÇÿ∑ÿ±</div><div><br></div><div>ÿ•ÿ∞ÿß ŸÉÿßŸÜÿ™ ÿ£ÿ® ŸÇÿ∑ÿ± ÿßŸÑÿØÿßÿ¶ÿ±ÿ© :</div>,1,image and text,0,MCQ,1326978,,1326976,0,12/16/25 5:48,12/16/25 5:49,60,1,557612,0,12/11/25 10:35,12/11/25 10:35,12/16/25 5:49,1,,,,,,,,,,,
mcq15190318,mcq,SECTION_CHECK,342126,course session,14796,70690,,,148840,0,1,1,652934,has correct answer,339432,<div>ÿ£Ÿàÿ¨ÿØ ÿ∑ŸàŸÑ ŸÜÿµŸÅ ÿßŸÑŸÇÿ∑ÿ±</div><div><br></div><div>ÿ•ÿ∞ÿß ŸÉÿßŸÜÿ™ ÿ£ÿ® ŸÇÿ∑ÿ± ÿßŸÑÿØÿßÿ¶ÿ±ÿ© :</div>,1,image and text,0,MCQ,1326975,,1326976,0,12/16/25 5:48,12/16/25 5:48,60,2,557612,0,12/11/25 10:35,12/11/25 10:35,12/16/25 5:48,1,,,,,,,,,,,
mcq15190265,mcq,SECTION_CHECK,342126,course session,14796,70690,,,148840,0,0,0,648986,has correct answer,339432,<div>ÿ£Ÿàÿ¨ÿØ ÿ∑ŸàŸÑ ŸÜÿµŸÅ ÿßŸÑŸÇÿ∑ÿ±</div><div><br></div><div>ÿ•ÿ∞ÿß ŸÉÿßŸÜÿ™ ÿ£ÿ® ŸÇÿ∑ÿ± ÿßŸÑÿØÿßÿ¶ÿ±ÿ© :</div>,1,image and text,0,MCQ,-1,,1326976,,12/16/25 5:48,12/16/25 5:48,,0,557612,0,12/11/25 10:35,12/11/25 10:35,,1,,,,,,,,,,,
mcq15190267,mcq,SECTION_CHECK,342126,course session,14796,70690,,,148840,0,0,0,647504,has correct answer,339432,<div>ÿ£Ÿàÿ¨ÿØ ÿ∑ŸàŸÑ ŸÜÿµŸÅ ÿßŸÑŸÇÿ∑ÿ±</div><div><br></div><div>ÿ•ÿ∞ÿß ŸÉÿßŸÜÿ™ ÿ£ÿ® ŸÇÿ∑ÿ± ÿßŸÑÿØÿßÿ¶ÿ±ÿ© :</div>,1,image and text,0,MCQ,-1,,1326976,,12/16/25 5:48,12/16/25 5:48,,0,557612,0,12/11/25 10:35,12/11/25 10:35,,1,,,,,,,,,,,
mcq15190256,mcq,SECTION_CHECK,342126,course session,14796,70690,,,148840,0,1,1,647496,has correct answer,339432,<div>ÿ£Ÿàÿ¨ÿØ ÿ∑ŸàŸÑ ŸÜÿµŸÅ ÿßŸÑŸÇÿ∑ÿ±</div><div><br></div><div>ÿ•ÿ∞ÿß ŸÉÿßŸÜÿ™ ÿ£ÿ® ŸÇÿ∑ÿ± ÿßŸÑÿØÿßÿ¶ÿ±ÿ© :</div>,1,image and text,0,MCQ,1326976,,1326976,1,12/16/25 5:48,12/16/25 5:48,60,1,557612,0,12/11/25 10:35,12/11/25 10:35,12/16/25 5:48,1,,,,,,,,,,,
mcq15190266,mcq,SECTION_CHECK,342126,course session,14796,70690,,,148840,0,1,1,652958,has correct answer,339432,<div>ÿ£Ÿàÿ¨ÿØ ÿ∑ŸàŸÑ ŸÜÿµŸÅ ÿßŸÑŸÇÿ∑ÿ±</div><div><br></div><div>ÿ•ÿ∞ÿß ŸÉÿßŸÜÿ™ ÿ£ÿ® ŸÇÿ∑ÿ± ÿßŸÑÿØÿßÿ¶ÿ±ÿ© :</div>,1,image and text,0,MCQ,1326975,,1326976,0,12/16/25 5:48,12/16/25 5:48,60,1,557612,0,12/11/25 10:35,12/11/25 10:35,12/16/25 5:48,1,,,,,,,,,,,
mcq15190282,mcq,SECTION_CHECK,342126,course session,14796,70690,,,148840,0,1,1,647433,has correct answer,339432,<div>ÿ£Ÿàÿ¨ÿØ ÿ∑ŸàŸÑ ŸÜÿµŸÅ ÿßŸÑŸÇÿ∑ÿ±</div><div><br></div><div>ÿ•ÿ∞ÿß ŸÉÿßŸÜÿ™ ÿ£ÿ® ŸÇÿ∑ÿ± ÿßŸÑÿØÿßÿ¶ÿ±ÿ© :</div>,1,image and text,0,MCQ,1326976,,1326976,1,12/16/25 5:48,12/16/25 5:48,60,2,557612,0,12/11/25 10:35,12/11/25 10:35,12/16/25 5:48,1,,,,,,,,,,,
mcq15190259,mcq,SECTION_CHECK,342126,course session,14796,70690,,,148840,0,0,0,652938,has correct answer,339432,<div>ÿ£Ÿàÿ¨ÿØ ÿ∑ŸàŸÑ ŸÜÿµŸÅ ÿßŸÑŸÇÿ∑ÿ±</div><div><br></div><div>ÿ•ÿ∞ÿß ŸÉÿßŸÜÿ™ ÿ£ÿ® ŸÇÿ∑ÿ± ÿßŸÑÿØÿßÿ¶ÿ±ÿ© :</div>,1,image and text,0,MCQ,-1,,1326976,,12/16/25 5:48,12/16/25 5:48,,0,557612,0,12/11/25 10:35,12/11/25 10:35,,1,,,,,,,,,,,
mcq15190269,mcq,SECTION_CHECK,342126,course session,14796,70690,,,148840,0,1,1,651452,has correct answer,339432,<div>ÿ£Ÿàÿ¨ÿØ ÿ∑ŸàŸÑ ŸÜÿµŸÅ ÿßŸÑŸÇÿ∑ÿ±</div><div><br></div><div>ÿ•ÿ∞ÿß ŸÉÿßŸÜÿ™ ÿ£ÿ® ŸÇÿ∑ÿ± ÿßŸÑÿØÿßÿ¶ÿ±ÿ© :</div>,1,image and text,0,MCQ,1326976,,1326976,1,12/16/25 5:48,12/16/25 5:48,60,1,557612,0,12/11/25 10:35,12/11/25 10:35,12/16/25 5:48,1,,,,,,,,,,,
mcq15190545,mcq,SECTION_CHECK,342126,course session,14796,70690,,,148840,0,1,1,647748,has correct answer,339432,<div>ÿ£Ÿàÿ¨ÿØ ÿ∑ŸàŸÑ ŸÜÿµŸÅ ÿßŸÑŸÇÿ∑ÿ±</div><div><br></div><div>ÿ•ÿ∞ÿß ŸÉÿßŸÜÿ™ ÿ£ÿ® ŸÇÿ∑ÿ± ÿßŸÑÿØÿßÿ¶ÿ±ÿ© :</div>,1,image and text,0,MCQ,1326976,,1326976,1,12/16/25 5:48,12/16/25 5:49,60,3,557612,0,12/11/25 10:35,12/11/25 10:35,12/16/25 5:49,1,,,,,,,,,,,
mcq15190261,mcq,SECTION_CHECK,342126,course session,14796,70690,,,148840,0,0,0,652929,has correct answer,339432,<div>ÿ£Ÿàÿ¨ÿØ ÿ∑ŸàŸÑ ŸÜÿµŸÅ ÿßŸÑŸÇÿ∑ÿ±</div><div><br></div><div>ÿ•ÿ∞ÿß ŸÉÿßŸÜÿ™ ÿ£ÿ® ŸÇÿ∑ÿ± ÿßŸÑÿØÿßÿ¶ÿ±ÿ© :</div>,1,image and text,0,MCQ,-1,,1326976,,12/16/25 5:48,12/16/25 5:48,,0,557612,0,12/11/25 10:35,12/11/25 10:35,,1,,,,,,,,,,,
mcq15190280,mcq,SECTION_CHECK,342126,course session,14796,70690,,,148840,0,1,1,657525,has correct answer,339432,<div>ÿ£Ÿàÿ¨ÿØ ÿ∑ŸàŸÑ ŸÜÿµŸÅ ÿßŸÑŸÇÿ∑ÿ±</div><div><br></div><div>ÿ•ÿ∞ÿß ŸÉÿßŸÜÿ™ ÿ£ÿ® ŸÇÿ∑ÿ± ÿßŸÑÿØÿßÿ¶ÿ±ÿ© :</div>,1,image and text,0,MCQ,1326976,,1326976,1,12/16/25 5:48,12/16/25 5:48,60,2,557612,0,12/11/25 10:35,12/11/25 10:35,12/16/25 5:48,1,,,,,,,,,,,
mcq15190502,mcq,SECTION_CHECK,342126,course session,14796,70690,,,148840,0,1,1,648959,has correct answer,339432,<div>ÿ£Ÿàÿ¨ÿØ ÿ∑ŸàŸÑ ŸÜÿµŸÅ ÿßŸÑŸÇÿ∑ÿ±</div><div><br></div><div>ÿ•ÿ∞ÿß ŸÉÿßŸÜÿ™ ÿ£ÿ® ŸÇÿ∑ÿ± ÿßŸÑÿØÿßÿ¶ÿ±ÿ© :</div>,1,image and text,0,MCQ,1326976,,1326976,1,12/16/25 5:48,12/16/25 5:49,60,2,557612,0,12/11/25 10:35,12/11/25 10:35,12/16/25 5:49,1,,,,,,,,,,,
mcq15190268,mcq,SECTION_CHECK,342126,course session,14796,70690,,,148840,0,0,0,648953,has correct answer,339432,<div>ÿ£Ÿàÿ¨ÿØ ÿ∑ŸàŸÑ ŸÜÿµŸÅ ÿßŸÑŸÇÿ∑ÿ±</div><div><br></div><div>ÿ•ÿ∞ÿß ŸÉÿßŸÜÿ™ ÿ£ÿ® ŸÇÿ∑ÿ± ÿßŸÑÿØÿßÿ¶ÿ±ÿ© :</div>,1,image and text,0,MCQ,-1,,1326976,,12/16/25 5:48,12/16/25 5:48,,0,557612,0,12/11/25 10:35,12/11/25 10:35,,1,,,,,,,,,,,